Created-At;Text;Id
07/11/2022;"1 perawat RS Bandung disekap di kamar hotel oleh oknum polisi. Setelah berhasil dilepas kemudian terjadi insiden penyerangan ke RS tersebut.

Via: detikSumut  https://t.co/ouTBisMONh";1,58953E+18
07/11/2022;"Gokil, dalam hitungan hari, udah ditangkap aja 2 orang ini. Emang kalau udah urusan bokep, di Konoha selalu sat set sat set. Tapi kalau udah urusan “oknum”, ssstt dulu ya ?
Barbuk bisa tiba-tiba “hilang ? https://t.co/0TVTKayVbl";1,58949E+18
07/11/2022;Tiga perwira Polda Sumut mendatangi RS Bandung di Kota Medan. Mereka datang untuk minta maaf atas kasus dugaan penganiayaan nakes yang dilakukan oknum polisi. https://t.co/QCvyWWxPAx;1,58964E+18
08/11/2022;RT @detikcom: 1 perawat RS Bandung disekap di kamar hotel oleh oknum polisi. Setelah berhasil dilepas kemudian terjadi insiden penyerangan…;1,58977E+18
08/11/2022;Njir sedih banget kalo inget ada project yuta yg gagal gara2 oknum bgst https://t.co/huq732kJTl;1,58977E+18
08/11/2022;@Ayang_Utriza Berlindung dibalik kata 'oknum' dan berlomba lomba menjadi 'oknum';1,58977E+18
08/11/2022;RT @kemalpalevi: Gokil, dalam hitungan hari, udah ditangkap aja 2 orang ini. Emang kalau udah urusan bokep, di Konoha selalu sat set sat se…;1,58977E+18
08/11/2022;RT @kemalpalevi: Gokil, dalam hitungan hari, udah ditangkap aja 2 orang ini. Emang kalau udah urusan bokep, di Konoha selalu sat set sat se…;1,58977E+18
08/11/2022;"@aditya_bp @Matahari_tmr Hey tolol, s dungu ini kn ngomong ada oknum yg mau rubah pakaian asli Bali dgn jilbab. 

Nah, ini gw tampilin pakaian asli Bali yg sebenarnya. Otak kau nyampe gk ?";1,58977E+18
08/11/2022;RT @detikcom: 1 perawat RS Bandung disekap di kamar hotel oleh oknum polisi. Setelah berhasil dilepas kemudian terjadi insiden penyerangan…;1,58977E+18
08/11/2022;"RT @pikoniq: hackforger / cupiko some tweets au

; mau minta sun tapi cupu, siapa? oknum u https://t.co/hsQeFCddgs";1,58977E+18
08/11/2022;RT @detikcom: 1 perawat RS Bandung disekap di kamar hotel oleh oknum polisi. Setelah berhasil dilepas kemudian terjadi insiden penyerangan…;1,58977E+18
08/11/2022;RT @mazzini_gsp: Ralat: 1 perawat RS Bandung disekap di kamar hotel oleh SALAH SATU ANGGOTA KEPOLISIAN. Setelah berhasil dilepas kemudian t…;1,58977E+18
08/11/2022;RT @txtdrberseragam: Oknum Polisi Lecehkan Pelajar Berumur 17 Tahun https://t.co/BSZqjE3mQd;1,58977E+18
08/11/2022;RT @kemalpalevi: Gokil, dalam hitungan hari, udah ditangkap aja 2 orang ini. Emang kalau udah urusan bokep, di Konoha selalu sat set sat se…;1,58977E+18
08/11/2022;Karena semakin lama ada rasa semakin tidak nyaman. Setelah bocorin CA saya ke client tanpa izin saya, saya tidak tahu apa lagi yang bakal “oknum-oknum” lakukan. https://t.co/fKYy3CQSUx;1,58977E+18
08/11/2022;Makin susah ya bedain mana oknum beneran dan oknum buatan. https://t.co/B1yZv77P5E;1,58977E+18
08/11/2022;RT @detikcom: 1 perawat RS Bandung disekap di kamar hotel oleh oknum polisi. Setelah berhasil dilepas kemudian terjadi insiden penyerangan…;1,58977E+18
08/11/2022;RT @mazzini_gsp: Ralat: 1 perawat RS Bandung disekap di kamar hotel oleh SALAH SATU ANGGOTA KEPOLISIAN. Setelah berhasil dilepas kemudian t…;1,58977E+18
08/11/2022;RT @chizikook_: Update tentang topi jungkook yg hilang. Menurut kepolisian Seoul, mereka telah menangkap dan menyelidiki oknum/mantan pegaw…;1,58977E+18
08/11/2022;RT @mazzini_gsp: Ralat: 1 perawat RS Bandung disekap di kamar hotel oleh SALAH SATU ANGGOTA KEPOLISIAN. Setelah berhasil dilepas kemudian t…;1,58977E+18
08/11/2022;RT @detikcom: 1 perawat RS Bandung disekap di kamar hotel oleh oknum polisi. Setelah berhasil dilepas kemudian terjadi insiden penyerangan…;1,58977E+18
08/11/2022;RT @kemalpalevi: Gokil, dalam hitungan hari, udah ditangkap aja 2 orang ini. Emang kalau udah urusan bokep, di Konoha selalu sat set sat se…;1,58977E+18
08/11/2022;RT @mazzini_gsp: Ralat: 1 perawat RS Bandung disekap di kamar hotel oleh SALAH SATU ANGGOTA KEPOLISIAN. Setelah berhasil dilepas kemudian t…;1,58977E+18
08/11/2022;RT @mazzini_gsp: Ralat: 1 perawat RS Bandung disekap di kamar hotel oleh SALAH SATU ANGGOTA KEPOLISIAN. Setelah berhasil dilepas kemudian t…;1,58977E+18
08/11/2022;"Pak @ListyoSigitP mohon perbaikan Polri dimulai dari perekrutan anggota. Tirulah model CAT @BKNgoid
Penegak hukum adalah mereka yang kuliah hukum

https://t.co/aaBEb8mnXM";1,58977E+18
08/11/2022;RT @detikcom: 1 perawat RS Bandung disekap di kamar hotel oleh oknum polisi. Setelah berhasil dilepas kemudian terjadi insiden penyerangan…;1,58977E+18
08/11/2022;"@detikcom Entar ada yang bilang ini OKNUM. 
klo oknum dikumpulkan,suruh bikin negara sendiri aja dah .???";1,58977E+18
08/11/2022;oknumnya banyak euy, pelaku penyerbuan RS yg bikin panik serta ketakutan pihak RS dan pasien, bikin geleng-2 kepala, bukannya mengayomi dan melindungi, malah sebaliknya ini oknum? https://t.co/cFPNC9zaK5;1,58977E+18
08/11/2022;RT @detikcom: 1 perawat RS Bandung disekap di kamar hotel oleh oknum polisi. Setelah berhasil dilepas kemudian terjadi insiden penyerangan…;1,58977E+18
08/11/2022;@detikcom 'oknum' kok banyak....atau kebanyakan 'oknum',atau memang semuanya 'oknum'...;1,58977E+18
08/11/2022;RT @detikcom: 1 perawat RS Bandung disekap di kamar hotel oleh oknum polisi. Setelah berhasil dilepas kemudian terjadi insiden penyerangan…;1,58977E+18
08/11/2022;RT @kemalpalevi: Gokil, dalam hitungan hari, udah ditangkap aja 2 orang ini. Emang kalau udah urusan bokep, di Konoha selalu sat set sat se…;1,58977E+18
08/11/2022;RT @detikcom: 1 perawat RS Bandung disekap di kamar hotel oleh oknum polisi. Setelah berhasil dilepas kemudian terjadi insiden penyerangan…;1,58977E+18
08/11/2022;RT @detikcom: 1 perawat RS Bandung disekap di kamar hotel oleh oknum polisi. Setelah berhasil dilepas kemudian terjadi insiden penyerangan…;1,58977E+18
08/11/2022;"Viral Anggota TNI Melaporkan Dugaan Perselingkuhan Istrinya dengan oknum Polisi, Kapolda Jateng: Tak Ada Toleransi !Pecat Saja !
https://t.co/DlQdQ1HSmX";1,58977E+18
08/11/2022;RT @tukangrosok___: Oknum Polisi yg melakukan Penyerangan pd Rumah Sakit di Medan harus mendapat sanksi yg tegas. Bukankah RS tidak boleh d…;1,58977E+18
08/11/2022;@tukangrosok___ Banyak oknum yg sengaja merusak citra polisi. Makanya mulai dari kasus sambo seharusnya jadi titik awal untuk membersihkan polisi dari orang2 banjingan seperti ini;1,58977E+18
08/11/2022;@HAIKYUUFESS bubble putih sudah pasti oknum kuroo tetsurou;1,58977E+18
08/11/2022;"@democrazymedia Pecat semua
Oknum oknum calon preman";1,58977E+18
08/11/2022;RT @mazzini_gsp: Ralat: 1 perawat RS Bandung disekap di kamar hotel oleh SALAH SATU ANGGOTA KEPOLISIAN. Setelah berhasil dilepas kemudian t…;1,58977E+18
08/11/2022;Oknum kalo dikumpulin jadi satu bisa buat invasi ke Ukraina kali ya? https://t.co/jbMbgZMp8I;1,58977E+18
08/11/2022;"Polisi baru lulus  berulah dgn tangan besinya. 

https://t.co/x5Nfgic9CZ";1,58977E+18
08/11/2022;RT @mazzini_gsp: Ralat: 1 perawat RS Bandung disekap di kamar hotel oleh SALAH SATU ANGGOTA KEPOLISIAN. Setelah berhasil dilepas kemudian t…;1,58977E+18
08/11/2022;RT @detikcom: 1 perawat RS Bandung disekap di kamar hotel oleh oknum polisi. Setelah berhasil dilepas kemudian terjadi insiden penyerangan…;1,58977E+18
08/11/2022;@BR1GHTW1NS @collegemenfess oknum sih ini;1,58977E+18
08/11/2022;RT @kemalpalevi: Gokil, dalam hitungan hari, udah ditangkap aja 2 orang ini. Emang kalau udah urusan bokep, di Konoha selalu sat set sat se…;1,58977E+18
08/11/2022;RT @detikcom: 1 perawat RS Bandung disekap di kamar hotel oleh oknum polisi. Setelah berhasil dilepas kemudian terjadi insiden penyerangan…;1,58977E+18
08/11/2022;RT @kemalpalevi: Gokil, dalam hitungan hari, udah ditangkap aja 2 orang ini. Emang kalau udah urusan bokep, di Konoha selalu sat set sat se…;1,58977E+18
08/11/2022;Pertamina Patra Niaga Sumbangsel Apresiasi Polrestabes Palembang Tangkap Oknum Penyalahgunaan BBM Solar https://t.co/Vgpsj3xBrp;1,58977E+18
08/11/2022;Oknum-oknum ini mungkin mengira politik adalah menang-menangan saja. #BRORIVAICenter;1,58977E+18
08/11/2022;RT @mazzini_gsp: Ralat: 1 perawat RS Bandung disekap di kamar hotel oleh SALAH SATU ANGGOTA KEPOLISIAN. Setelah berhasil dilepas kemudian t…;1,58977E+18
08/11/2022;RT @mazzini_gsp: Ralat: 1 perawat RS Bandung disekap di kamar hotel oleh SALAH SATU ANGGOTA KEPOLISIAN. Setelah berhasil dilepas kemudian t…;1,58977E+18
08/11/2022;"TOLOL AAAAAAAAAA
OKNUM HALODEK TOLOL

SEHARUSNYA YANG DIJUAL ORANG TUA LU ITU BUKAN SAWAH ATAU RUMAH TAPI ELO TOLOL! BEBAN https://t.co/cAK7vYDKsL";1,58977E+18
08/11/2022;@democrazymedia Saya heran kok masih ada yg bisa kaget dengan kelakuan oknum. Perkosa remaja ya ada, pedofil juga ada, meras rakyat yg lagi kemalingan ya ada, dagang narkoba dan bunuh orang juga ada.;1,58977E+18
08/11/2022;RT @detikcom: 1 perawat RS Bandung disekap di kamar hotel oleh oknum polisi. Setelah berhasil dilepas kemudian terjadi insiden penyerangan…;1,58977E+18
08/11/2022;@faridmohmdMF @rndy11 Berlaku bagi yang kebetulan diunduh sama oknum isil*p ya?;1,58977E+18
08/11/2022;Oknum polisi berulah lagi? Diduga menyerang Rumah Sakit Bandung, Medan, delapan oknum polisi diperiksa - Jakarta Insider https://t.co/eHmWh7D9I9;1,58977E+18
08/11/2022;RT @kemalpalevi: Gokil, dalam hitungan hari, udah ditangkap aja 2 orang ini. Emang kalau udah urusan bokep, di Konoha selalu sat set sat se…;1,58977E+18
08/11/2022;RT @kemalpalevi: Gokil, dalam hitungan hari, udah ditangkap aja 2 orang ini. Emang kalau udah urusan bokep, di Konoha selalu sat set sat se…;1,58977E+18
08/11/2022;RT @detikcom: 1 perawat RS Bandung disekap di kamar hotel oleh oknum polisi. Setelah berhasil dilepas kemudian terjadi insiden penyerangan…;1,58977E+18
08/11/2022;RT @txtdrberseragam: Oknum Polisi Lecehkan Pelajar Berumur 17 Tahun https://t.co/BSZqjE3mQd;1,58977E+18
08/11/2022;RT @detikcom: 1 perawat RS Bandung disekap di kamar hotel oleh oknum polisi. Setelah berhasil dilepas kemudian terjadi insiden penyerangan…;1,58977E+18
08/11/2022;@tukangrosok___ Kelakuan memalukan, disatu sisi Kapolri berjuang memperbaiki citra yg babak belur tp yg di bawah asik aja dg prilaku negatifnya, mmg harus ditindak tegas ini oleh @DivHumas_Polri para oknum;1,58977E+18
08/11/2022;RT @detikcom: 1 perawat RS Bandung disekap di kamar hotel oleh oknum polisi. Setelah berhasil dilepas kemudian terjadi insiden penyerangan…;1,58977E+18
08/11/2022;@rubberskies_ smua gara gara oknum w?;1,58977E+18
08/11/2022;RT @detikcom: 1 perawat RS Bandung disekap di kamar hotel oleh oknum polisi. Setelah berhasil dilepas kemudian terjadi insiden penyerangan…;1,58977E+18
08/11/2022;RT @mazzini_gsp: Ralat: 1 perawat RS Bandung disekap di kamar hotel oleh SALAH SATU ANGGOTA KEPOLISIAN. Setelah berhasil dilepas kemudian t…;1,58977E+18
08/11/2022;RT @detikcom: 1 perawat RS Bandung disekap di kamar hotel oleh oknum polisi. Setelah berhasil dilepas kemudian terjadi insiden penyerangan…;1,58977E+18
08/11/2022;RT @mazzini_gsp: Ralat: 1 perawat RS Bandung disekap di kamar hotel oleh SALAH SATU ANGGOTA KEPOLISIAN. Setelah berhasil dilepas kemudian t…;1,58977E+18
08/11/2022;RT @kemalpalevi: Gokil, dalam hitungan hari, udah ditangkap aja 2 orang ini. Emang kalau udah urusan bokep, di Konoha selalu sat set sat se…;1,58977E+18
08/11/2022;RT @kemalpalevi: Gokil, dalam hitungan hari, udah ditangkap aja 2 orang ini. Emang kalau udah urusan bokep, di Konoha selalu sat set sat se…;1,58977E+18
08/11/2022;RT @kemalpalevi: Gokil, dalam hitungan hari, udah ditangkap aja 2 orang ini. Emang kalau udah urusan bokep, di Konoha selalu sat set sat se…;1,58977E+18
08/11/2022;"Dalam situasi seperti ini masih saja ada sikap semacam ini, mau komentar macam apalagi ?
Pemberhentian Dengan Tidak Hormat dan segera proses pidana adalah langkah paling tepat ?

@jokowi
@mohmahfudmd
@ListyoSigitP

https://t.co/pBQLbLsSDj";1,58977E+18
08/11/2022;RT @mazzini_gsp: Ralat: 1 perawat RS Bandung disekap di kamar hotel oleh SALAH SATU ANGGOTA KEPOLISIAN. Setelah berhasil dilepas kemudian t…;1,58977E+18
08/11/2022;@detikcom Kalau ada polisi jelek dibilang oknum, maka nanti kalau ada polisi berbuat baik disebut oknum juga saja.;1,58977E+18
08/11/2022;RT @detikcom: 1 perawat RS Bandung disekap di kamar hotel oleh oknum polisi. Setelah berhasil dilepas kemudian terjadi insiden penyerangan…;1,58977E+18
08/11/2022;RT @kemalpalevi: Gokil, dalam hitungan hari, udah ditangkap aja 2 orang ini. Emang kalau udah urusan bokep, di Konoha selalu sat set sat se…;1,58977E+18
08/11/2022;@Tita83079013 Tuk para islamophobia gini ya , ga smua orang islam itu pmeluk islam yg taat, jadi gausah sangkut pautkan oknum dgn ajaran islam, karna dalam islam mndekati zina aja haram, apalagi mncabuli itu dosa besar, sampai sini paham ya.;1,58977E+18
08/11/2022;RT @detikcom: 1 perawat RS Bandung disekap di kamar hotel oleh oknum polisi. Setelah berhasil dilepas kemudian terjadi insiden penyerangan…;1,58977E+18
08/11/2022;RT @mazzini_gsp: Ralat: 1 perawat RS Bandung disekap di kamar hotel oleh SALAH SATU ANGGOTA KEPOLISIAN. Setelah berhasil dilepas kemudian t…;1,58977E+18
08/11/2022;RT @kemalpalevi: Gokil, dalam hitungan hari, udah ditangkap aja 2 orang ini. Emang kalau udah urusan bokep, di Konoha selalu sat set sat se…;1,58977E+18
08/11/2022;@Rianreksi @detikcom Oknum klu dikumpulin jadi mabes;1,58977E+18
08/11/2022;RT @mazzini_gsp: Ralat: 1 perawat RS Bandung disekap di kamar hotel oleh SALAH SATU ANGGOTA KEPOLISIAN. Setelah berhasil dilepas kemudian t…;1,58977E+18
08/11/2022;RT @detikcom: 1 perawat RS Bandung disekap di kamar hotel oleh oknum polisi. Setelah berhasil dilepas kemudian terjadi insiden penyerangan…;1,58977E+18
08/11/2022;@detikcom oknum,oknum,oknum...terus aja sampe kiamat !!! ngabisin duit negara aja , GBLK !!!!;1,58977E+18
08/11/2022;@mazzini_gsp Oknum itu mereka yang baik di institusi itu...karena hanya segelintir saja sekarang!;1,58977E+18
08/11/2022;RT @mazzini_gsp: Ralat: 1 perawat RS Bandung disekap di kamar hotel oleh SALAH SATU ANGGOTA KEPOLISIAN. Setelah berhasil dilepas kemudian t…;1,58977E+18
08/11/2022;RT @kemalpalevi: Gokil, dalam hitungan hari, udah ditangkap aja 2 orang ini. Emang kalau udah urusan bokep, di Konoha selalu sat set sat se…;1,58977E+18
08/11/2022;RT @mazzini_gsp: Ralat: 1 perawat RS Bandung disekap di kamar hotel oleh SALAH SATU ANGGOTA KEPOLISIAN. Setelah berhasil dilepas kemudian t…;1,58977E+18
08/11/2022;masih terdiam menatapi foto bfable oknum jww https://t.co/chg5FYcm0r;1,58977E+18
08/11/2022;Mo ngomong outsource, oknum, those things are preventable sebetulnya. Kalo dibriefing pake NDA + klausa kontrak yg jelas juga akan behave.;1,58977E+18
08/11/2022;"@sehat_roemah Dalam perbuatan perzinahan itu ada unsur sama - sama suka.
Berarti kedua oknum tersebut baik laki dan perempuan sama - sama bejat kelakuannya.
Laporkan aja Pak.
Biar kedua pelaku tersebut di hukum sesuai hukum yg berlaku.";1,58977E+18
08/11/2022;RT @Ayang_Utriza: Benar kata Gus Dur: 'Bangsa ini pengecut!' tidak berani melawan bbrp 'geng' yg jelas merampok & menjarah kekayaan NKRI in…;1,58977E+18
08/11/2022;Anjir dah oknum mingyu nih nerbener ??? https://t.co/1EYLi0C1AB;1,58977E+18
08/11/2022;RT @detikcom: 1 perawat RS Bandung disekap di kamar hotel oleh oknum polisi. Setelah berhasil dilepas kemudian terjadi insiden penyerangan…;1,58977E+18
08/11/2022;RT @chizikook_: Update tentang topi jungkook yg hilang. Menurut kepolisian Seoul, mereka telah menangkap dan menyelidiki oknum/mantan pegaw…;1,58977E+18
08/11/2022;RT @kemalpalevi: Gokil, dalam hitungan hari, udah ditangkap aja 2 orang ini. Emang kalau udah urusan bokep, di Konoha selalu sat set sat se…;1,58977E+18
08/11/2022;RT @detikcom: 1 perawat RS Bandung disekap di kamar hotel oleh oknum polisi. Setelah berhasil dilepas kemudian terjadi insiden penyerangan…;1,58977E+18
08/11/2022;RT @mazzini_gsp: Ralat: 1 perawat RS Bandung disekap di kamar hotel oleh SALAH SATU ANGGOTA KEPOLISIAN. Setelah berhasil dilepas kemudian t…;1,58977E+18
07/11/2022;@pngrbw cmn oknum women aja itu kak;1,58949E+18
07/11/2022;RT @chizikook_: Update tentang topi jungkook yg hilang. Menurut kepolisian Seoul, mereka telah menangkap dan menyelidiki oknum/mantan pegaw…;1,58949E+18
07/11/2022;RT @chizikook_: Update tentang topi jungkook yg hilang. Menurut kepolisian Seoul, mereka telah menangkap dan menyelidiki oknum/mantan pegaw…;1,58949E+18
07/11/2022;"RT @Isra_KK: @vvotanet ini akar permasalahannya:

1. Yang 'senior' tidak tahu dan tidak bijak transfer ilmu ke 'Junior' nya
2. Yang 'Junior…";1,58949E+18
07/11/2022;"RT @enginafess: -en kepada oknum yang bernama lee heeseung, ayo tunjukkan pesonamu 

cr pict. 0215jaeyun https://t.co/wI9S3wtoAc";1,58949E+18
07/11/2022;Paling gesit, oknum https://t.co/XAZRPN7A8J;1,58949E+18
07/11/2022;@fxmario Wkwkwk emang bener berarti kalo most of them are jerks sisanya yg tau aturan jalan adalah oknum;1,58949E+18
07/11/2022;@ayunibukan @panggilajacece @collegemenfess tiap hari kah saya seperti itu? BAHAHAHHAAHAHAHAHAH. lu punya temen yg udah bertahun2 ga ngerasain makanan apa yg lu makan di mekdi ga sih? dan lu masih nyebut diri lu ga mampu? kwkwkwkwwkkwkwkwkwkwkwkwk awalnya;1,58949E+18
07/11/2022;"@ruhutsitompul Pihak A ada oknum
Pihak B ada oknum
Semua itu oknum
Anda lihat korban nya'rakyat kecil'";1,58949E+18
07/11/2022;RT @chizikook_: Update tentang topi jungkook yg hilang. Menurut kepolisian Seoul, mereka telah menangkap dan menyelidiki oknum/mantan pegaw…;1,58949E+18
07/11/2022;RT @chizikook_: Update tentang topi jungkook yg hilang. Menurut kepolisian Seoul, mereka telah menangkap dan menyelidiki oknum/mantan pegaw…;1,58949E+18
07/11/2022;RT @chizikook_: Update tentang topi jungkook yg hilang. Menurut kepolisian Seoul, mereka telah menangkap dan menyelidiki oknum/mantan pegaw…;1,58949E+18
07/11/2022;"RT @Isra_KK: @vvotanet ini akar permasalahannya:

1. Yang 'senior' tidak tahu dan tidak bijak transfer ilmu ke 'Junior' nya
2. Yang 'Junior…";1,58949E+18
07/11/2022;RT @chizikook_: Update tentang topi jungkook yg hilang. Menurut kepolisian Seoul, mereka telah menangkap dan menyelidiki oknum/mantan pegaw…;1,58949E+18
07/11/2022;"RT @Isra_KK: @vvotanet ini akar permasalahannya:

1. Yang 'senior' tidak tahu dan tidak bijak transfer ilmu ke 'Junior' nya
2. Yang 'Junior…";1,58949E+18
07/11/2022;"RT @OposisiCerdas: Oknum Polisi Serang Serang Perawat dan Sekuriti Rumah Sakit di Medan, Pamerkan Baju Dinas
https://t.co/XwE2a2CUND";1,58949E+18
07/11/2022;RT @chizikook_: Update tentang topi jungkook yg hilang. Menurut kepolisian Seoul, mereka telah menangkap dan menyelidiki oknum/mantan pegaw…;1,58949E+18
07/11/2022;@nctzenbase Semakin aneh beberapa oknum fandom ini;1,58949E+18
07/11/2022;gw udah yaudah sama ceribel kok skrg jadi kesel lg ya gara22 membernya salah satu oknum yang foto sama bouquet buat sehun ?;1,58949E+18
07/11/2022;"@vvotanet ini akar permasalahannya:

1. Yang 'senior' tidak tahu dan tidak bijak transfer ilmu ke 'Junior' nya
2. Yang 'Junior' susah dikasih nasihat.

Tentu saja tidak semua orang bersifat sperti itu. Dan tentu saja twit+oknum yg buruk2 lebih mudah ke up";1,58949E+18
07/11/2022;RT @chizikook_: Update tentang topi jungkook yg hilang. Menurut kepolisian Seoul, mereka telah menangkap dan menyelidiki oknum/mantan pegaw…;1,58949E+18
07/11/2022;RT @chizikook_: Update tentang topi jungkook yg hilang. Menurut kepolisian Seoul, mereka telah menangkap dan menyelidiki oknum/mantan pegaw…;1,58949E+18
07/11/2022;"RT @OposisiCerdas: Oknum Polisi Serang Serang Perawat dan Sekuriti Rumah Sakit di Medan, Pamerkan Baju Dinas
https://t.co/XwE2a2CUND";1,58949E+18
07/11/2022;RT @chizikook_: Update tentang topi jungkook yg hilang. Menurut kepolisian Seoul, mereka telah menangkap dan menyelidiki oknum/mantan pegaw…;1,58949E+18
07/11/2022;RT @chizikook_: Update tentang topi jungkook yg hilang. Menurut kepolisian Seoul, mereka telah menangkap dan menyelidiki oknum/mantan pegaw…;1,58949E+18
07/11/2022;RT @chizikook_: Update tentang topi jungkook yg hilang. Menurut kepolisian Seoul, mereka telah menangkap dan menyelidiki oknum/mantan pegaw…;1,58949E+18
07/11/2022;RT @chizikook_: Update tentang topi jungkook yg hilang. Menurut kepolisian Seoul, mereka telah menangkap dan menyelidiki oknum/mantan pegaw…;1,58949E+18
07/11/2022;RT @chizikook_: Update tentang topi jungkook yg hilang. Menurut kepolisian Seoul, mereka telah menangkap dan menyelidiki oknum/mantan pegaw…;1,58949E+18
07/11/2022;RT @chizikook_: Update tentang topi jungkook yg hilang. Menurut kepolisian Seoul, mereka telah menangkap dan menyelidiki oknum/mantan pegaw…;1,58949E+18
07/11/2022;@joongcherie Ini?? Oknum yg lagi viral cuma krn duduk doang?? Duduk sexy lho itu skrg jadi gemoooy gini;1,58949E+18
07/11/2022;"RT @UyokBack: Mengenal Sahid Danuji, Pendana Pembuatan Uang Palsu Miliaran Rupiah
https://t.co/g9rUtvcoBC https://t.co/P0Z0BtwFlp";1,58949E+18
07/11/2022;"RT @OposisiCerdas: Oknum Polisi Serang Serang Perawat dan Sekuriti Rumah Sakit di Medan, Pamerkan Baju Dinas
https://t.co/XwE2a2CUND";1,58949E+18
07/11/2022;RT @chizikook_: Update tentang topi jungkook yg hilang. Menurut kepolisian Seoul, mereka telah menangkap dan menyelidiki oknum/mantan pegaw…;1,58949E+18
07/11/2022;RT @chizikook_: Update tentang topi jungkook yg hilang. Menurut kepolisian Seoul, mereka telah menangkap dan menyelidiki oknum/mantan pegaw…;1,58949E+18
07/11/2022;RT @chizikook_: Update tentang topi jungkook yg hilang. Menurut kepolisian Seoul, mereka telah menangkap dan menyelidiki oknum/mantan pegaw…;1,58949E+18
07/11/2022;RT @chizikook_: Update tentang topi jungkook yg hilang. Menurut kepolisian Seoul, mereka telah menangkap dan menyelidiki oknum/mantan pegaw…;1,58949E+18
07/11/2022;@AndyHuskyyy @nuicemedia 'oknum' pengawal nya siapa tu;1,58949E+18
07/11/2022;RT @chizikook_: Update tentang topi jungkook yg hilang. Menurut kepolisian Seoul, mereka telah menangkap dan menyelidiki oknum/mantan pegaw…;1,58949E+18
07/11/2022;RT @chizikook_: Update tentang topi jungkook yg hilang. Menurut kepolisian Seoul, mereka telah menangkap dan menyelidiki oknum/mantan pegaw…;1,58949E+18
07/11/2022;Meresahkan banget oknum suna rintaro ini? https://t.co/VQkZOiftEB;1,58949E+18
07/11/2022;"RT @enginafess: -en kepada oknum yang bernama lee heeseung, ayo tunjukkan pesonamu 

cr pict. 0215jaeyun https://t.co/wI9S3wtoAc";1,58949E+18
07/11/2022;RT @chizikook_: Update tentang topi jungkook yg hilang. Menurut kepolisian Seoul, mereka telah menangkap dan menyelidiki oknum/mantan pegaw…;1,58949E+18
07/11/2022;RT @chizikook_: Update tentang topi jungkook yg hilang. Menurut kepolisian Seoul, mereka telah menangkap dan menyelidiki oknum/mantan pegaw…;1,58949E+18
07/11/2022;RT @chizikook_: Update tentang topi jungkook yg hilang. Menurut kepolisian Seoul, mereka telah menangkap dan menyelidiki oknum/mantan pegaw…;1,58949E+18
07/11/2022;RT @chizikook_: Update tentang topi jungkook yg hilang. Menurut kepolisian Seoul, mereka telah menangkap dan menyelidiki oknum/mantan pegaw…;1,58949E+18
07/11/2022;RT @chizikook_: Update tentang topi jungkook yg hilang. Menurut kepolisian Seoul, mereka telah menangkap dan menyelidiki oknum/mantan pegaw…;1,58949E+18
07/11/2022;RT @chizikook_: Update tentang topi jungkook yg hilang. Menurut kepolisian Seoul, mereka telah menangkap dan menyelidiki oknum/mantan pegaw…;1,58949E+18
07/11/2022;"@CNNIndonesia Gercep kalo yang beginian.
Tolong benahi anggotanya...
Oknum kok banyak dan sering banget...
https://t.co/PfIzKWbKUT";1,58949E+18
07/11/2022;"TRIK DENIAL, jangan salahkan agamanya itu hanya ulah oknum.

Semua ajaran mengaku paling baik, artinya inputnya dikatakan baik... boleh dan tidak ada persoalan.
Yang menjadi persoalan adalah Outputnya, sebab sangat  berpengaruh dlm kehidupan nyata dlm hubungan harmoni. https://t.co/s17mASwOgI";1,58949E+18
07/11/2022;RT @chizikook_: Update tentang topi jungkook yg hilang. Menurut kepolisian Seoul, mereka telah menangkap dan menyelidiki oknum/mantan pegaw…;1,58949E+18
07/11/2022;RT @chizikook_: Update tentang topi jungkook yg hilang. Menurut kepolisian Seoul, mereka telah menangkap dan menyelidiki oknum/mantan pegaw…;1,58949E+18
07/11/2022;"RT @PapanTulis006: Gus Yasin : Jangan sampai keharmonisan masyarakat ternodai oleh oknum-oknum yang menggunakan politik praktis

#GusYasin…";1,58949E+18
07/11/2022;RT @chizikook_: Update tentang topi jungkook yg hilang. Menurut kepolisian Seoul, mereka telah menangkap dan menyelidiki oknum/mantan pegaw…;1,58949E+18
07/11/2022;RT @chizikook_: Update tentang topi jungkook yg hilang. Menurut kepolisian Seoul, mereka telah menangkap dan menyelidiki oknum/mantan pegaw…;1,58949E+18
07/11/2022;RT @chizikook_: Update tentang topi jungkook yg hilang. Menurut kepolisian Seoul, mereka telah menangkap dan menyelidiki oknum/mantan pegaw…;1,58949E+18
07/11/2022;@m_4r1_oslo Udah enek lihat bgitu bnyak mabes oknum..jd WC yg baik lebih sedikit dan ga muncul;1,58949E+18
07/11/2022;RT @chizikook_: Update tentang topi jungkook yg hilang. Menurut kepolisian Seoul, mereka telah menangkap dan menyelidiki oknum/mantan pegaw…;1,58949E+18
07/11/2022;"RT @Penawar81469159: Yang bikin gaduh siapa ?

Para Oknum sendiri kaan 

Yg selalu di uber Ulama yg garis lurus 

#Utang7RibuTRakyatSekarat…";1,58949E+18
07/11/2022;oknum begini nih yang bikin orang2 pada suka underestimate opini kpopers https://t.co/KnB7csh8Po;1,58949E+18
07/11/2022;RT @chizikook_: Update tentang topi jungkook yg hilang. Menurut kepolisian Seoul, mereka telah menangkap dan menyelidiki oknum/mantan pegaw…;1,58949E+18
07/11/2022;RT @chizikook_: Update tentang topi jungkook yg hilang. Menurut kepolisian Seoul, mereka telah menangkap dan menyelidiki oknum/mantan pegaw…;1,58949E+18
07/11/2022;RT @chizikook_: Update tentang topi jungkook yg hilang. Menurut kepolisian Seoul, mereka telah menangkap dan menyelidiki oknum/mantan pegaw…;1,58949E+18
07/11/2022;RT @chizikook_: Update tentang topi jungkook yg hilang. Menurut kepolisian Seoul, mereka telah menangkap dan menyelidiki oknum/mantan pegaw…;1,58949E+18
07/11/2022;RT @chizikook_: Update tentang topi jungkook yg hilang. Menurut kepolisian Seoul, mereka telah menangkap dan menyelidiki oknum/mantan pegaw…;1,58949E+18
07/11/2022;Update tentang topi jungkook yg hilang. Menurut kepolisian Seoul, mereka telah menangkap dan menyelidiki oknum/mantan pegawai kementerian luar negeri yg mnjual topi milik jungkook. Polisi juga menerima respon dari HYBE, bahwa 'Memang benar jungkook kehilangan topinya ditmpat itu';1,58949E+18
07/11/2022;RS Bandung di Kota Medan Diserang OTK, Pelaku Diduga Oknum Polisi https://t.co/XNSsE1BklK;1,58949E+18
07/11/2022;@cagubnyinyir2 @mudabdab @Berty69968038 @hansssolo @hbasuni @hayder_imron @MuhiddinMI @Aadec @origenes_wadu @Cakra_Pasopati @BgawanKusuma @riza_ajir @ijadz_cs @BossToukeeIsa @sarmawan Maunya dilibatkan dipemerintahan,bila dilibatkan oknum itu bisa jadi be;1,58949E+18
07/11/2022;@convomfs Gak heran ada banyak oknum toxic dari fandom ini di twt. In rl juga gila nih oknum2;1,58949E+18
07/11/2022;@enjoyyourjay @UwonOne Yah gitu deh. Emang merekanya yg hobi war. Playing victim seakan akan engene ini sipaling jahat, mau bilang akun itu oknum merekanya tetep menyamaratakan. Dikira enjin dikit kali ya?;1,58949E+18
07/11/2022;"RT @ChannelJhonna: Gus Yasin : Jangan sampai keharmonisan masyarakat ternodai oleh oknum-oknum yang menggunakan politik praktis

#GusYasin…";1,58949E+18
07/11/2022;@ridanuryuliani @KarlaKhaizure @_alealeeka @nctlovesmeh @puchairunnisa Gue yang nntn day 1 dan dari kalimantan, sakit banget kayak ga rela aja gara gara beberapa oknum yang kena dampaknya ribuan org yang sebenarnya gaktau apa apa dan kaget konsernya di be;1,58949E+18
07/11/2022;RT @ArdjunaWiwaha3l: Rakyat Indonesia pantas bangga memiliki seorang Anies Baswedan seolah bertolak belakang karakternya dengan si Raja Ngi…;1,58949E+18
07/11/2022;@__dtm__ @detikcom Dulu2 tuh heboh pesepeda heboh nyetopin moge, skrng 'oknum' Pesepeda yg begitu;1,58949E+18
07/11/2022;@namemuww oknum go*blog mana lagi ini, ya ampunnn;1,58949E+18
07/11/2022;"Gus Yasin : Jangan sampai keharmonisan masyarakat ternodai oleh oknum-oknum yang menggunakan politik praktis

#GusYasin #PanglimaSGN
#SantriGayengNusantara 
#WagubJateng #TajYasinMZ
@TajYasinMZ https://t.co/l2XpcW4GiB";1,58949E+18
07/11/2022;RT @detikcom: Salah satu oknum yang mengaku polisi dan melakukan penyerangan terhadap petugas medis dan petugas keamanan di RSU Bandung di…;1,58949E+18
07/11/2022;Jelas yg Salah ini oknum polisi yg ngawal.. jgn kasi uang bayar yaa kalian pesepedaahhh ? https://t.co/Ccr45Plieg;1,58949E+18
07/11/2022;@AREAJULID kira'sama oknum yang nangkep di pake juga ga ya? inimah nanyan;1,58949E+18
07/11/2022;Jin, beneran yee. siapapun bias lu, oknum Lee Heeseung lah yang bakal selalu mengguncang hati dan hari-hari lu ? https://t.co/c8f2kBMHRw;1,58949E+18
07/11/2022;"Astaga! Oknum Driver Grab Tendang Pelanggan Perempuan... Kacau banget ini! Oknum seperti ini pecat aja... @MerrMagda @nongandah @ilmasovriyanti @mardiasih
https://t.co/oQywxgC6Dy";1,58949E+18
07/11/2022;"Edisi menggambar ava+kangen oknum #MASHIHO ???

*Rate dung guyys https://t.co/iHTZFNp7A0";1,58949E+18
07/11/2022;@AREAJULID masalah bokep bae cepet banget nget, begitu oknum pembunuhan, oknum korupsi, lama banget dah;1,58949E+18
07/11/2022;RT @ainiarshy: Jujur msh speechless kalo aku bakal kena scam dari “oknum” yg ga bertanggung jawab mengatasnamakan dirinya carat? kok bisa s…;1,58949E+18
07/11/2022;@ndagels Nahkannnn emg yaa oknum ini tuh zzzzzzzz;1,58949E+18
07/11/2022;Pembunuh,pedofil,koruptor,bandar narkoba bebas berkeliaran,bahkan yang katanya hanya OKNUM tapi hampir 1 instansi yang didalam nya pun melakukan tindak kejahatan dilindungi. Sungguh mirisssss polisi di negeri ini. Biadab!!!!!!!!!!!!!!!!!;1,58949E+18
07/11/2022;RT @Hidayatippo: Kejamnya Polisi terhadap rakyat yang tidak bersenjata. Semoga Alloh memberi balasan yang setimpal kepada semua oknum yang…;1,58948E+18
07/11/2022;Oknum yang bikin senyum senyum sampe 10 tahun ke depan. Kecilku... kecilku... pacarku yang lucu dan kecil... :( https://t.co/Cbnu0QQBis https://t.co/5WtFx4ix8c;1,58948E+18
07/11/2022;@bro_aLy9 Oknum?? Sdh tdk aktif di NU? Ato...yaaa...mau gimana lg.;1,58948E+18
07/11/2022;@malikprince28 @Nir12345535 @radhitarega @KurirGosens @SiaranBolaLive ???? oknum melon banyak bacot doang optimis ama tim nya sendiri ga berani https://t.co/oJSKjTrLfb;1,58948E+18
07/11/2022;oknum j bahaya bngt https://t.co/5LItnoyU8j;1,58948E+18
07/11/2022;"RT @geloraco: Oknum Polisi Serang Serang Perawat dan Sekuriti Rumah Sakit di Medan, Pamerkan Baju Dinas
https://t.co/V8xFy4gufE";1,58948E+18
07/11/2022;"kerja di tempat fotocopy buat w nyadar ternyata banyak sekali oknum mahasiswa yang sks alias sistem kebut sepagi.

jam segini masi pada ngeprint materi, kartu ujian, dsb:))";1,58948E+18
07/11/2022;Manager gue tau anjing konser nct 127 diberentiin trus dia marah sama oknum itu???;1,58948E+18
07/11/2022;Bener tuh, tolong dong om twet, di koreksi buat oknum oknum yang ngaku ngaku jadi seseorang, terus suka kirim pesan, bikin ga nyaman itu...;1,58948E+18
07/11/2022;"Kapolrestabes Medan Kombes Valentino menegaskan akan menangkap para pelaku dan oknum yang terlibat penyerangan di RSU Bandung, Kota Medan.

Via: detikSumut  https://t.co/DJehcrFydc";1,58948E+18
07/11/2022;@nctzenbase yang jejak sepatu udah di takedown kak, yuu gaiss bersehin lagi nama fandom sama nama ncity dari oknum kek gini ??;1,58948E+18
07/11/2022;"Wajib Tahu, Begini Modus Arisan Menurun Oknum Warga Lampung yang Rugikan Korban hingga Miliaran

https://t.co/on8t5rFDBN";1,58948E+18
07/11/2022;"Salah satu oknum yang mengaku polisi dan melakukan penyerangan terhadap petugas medis dan petugas keamanan di RSU Bandung di Medan disebut bernama IR Siregar.

Via: detikSumut  https://t.co/mrEdA59fqX";1,58948E+18
07/11/2022;"@SumardiyonoClp @SaePudi52845049 @UyokBack Itu bentuk nahi mungkar pak.
Pemberi tahuan tentang kemungkaran.
Yg d lakukan oknum NU.
Yg teriak paling pancasilais.";1,58948E+18
07/11/2022;@AREAJULID klo kasus pembunuhan oknum kok lama yaa, jiah;1,58948E+18
07/11/2022;@geloraco Cuma oknum;1,58948E+18
07/11/2022;RT @heart4_ohlee: @nctzenbase Jan lupa semua duduk anj biar semua menikmati ga usah berdiri berdiri dah tau banyak oknum barbar?;1,58948E+18
07/11/2022;ini oknum yg tiap 7 menit nngs bknsii,,,? https://t.co/e3esmPHtVS;1,58948E+18
07/11/2022;"RT @OposisiCerdas: Oknum Polisi Serang Serang Perawat dan Sekuriti Rumah Sakit di Medan, Pamerkan Baju Dinas
https://t.co/XwE2a2CUND";1,58948E+18
07/11/2022;RT @Pandjikoming57: @hendrisamuel @wanaarthalife_ @KejaksaanRI @ojkindonesia @jokowi Kejahatan kerah putih terdahsyat hanya terjadi di era…;1,58948E+18
07/11/2022;Selundupan BBM Pertalite dibekingi oknum TNI AL https://t.co/PpUlpCcnkh;1,58948E+18
07/11/2022;@SeeBrokoli Ya itu oknum whwhwhwhw;1,58948E+18
07/11/2022;Oknum Polisi Serang Serang Perawat dan Sekuriti Rumah Sakit di Medan, Pamerkan Baju Dinas https://t.co/nR8619hgU3;1,58948E+18
07/11/2022;RT @BIENSenator2022: @Midjan_La_2 Burung kuntul biru apa benar itu oknum tsb Driver anda @Bluebirdgroup .! ?;1,58948E+18
07/11/2022;@Julian51758164 Na'udzubillah mindzalik kelakuan oknum institusi polisi sdh bertindak seperti pki laknatulloh. Institusi ini jadi tambah amburadul sejak Konsorsium 303 berkuasa.;1,58948E+18
07/11/2022;Detik-detik RS Milik Bendahara PDIP Sumut Diserang Oknum Polisi https://t.co/z87i6BfVcR;1,58948E+18
07/11/2022;aku yakin kok NCTZEN day1 juga sebenernya banyak banget anak2 baikk, cuman karnaa 1/2 oknum aja bikinnn semuanya jadi berstigma negatif. Kita tuh fangirling buat cari kesenengan bukan obsesi yang malah bikin kita bukannya jadi lebih baik tapi malah berperilaku buruk;1,58948E+18
07/11/2022;@WahhabiCC terus kaum oknum kyak ente ngapain, bang? punya solusi, kah?;1,58948E+18
07/11/2022;Aneh aneh aja sekelas bank besar kaya bca masih banyak oknum yg lolos penipuan kaya gini :) @HaloBCA https://t.co/3BnkOSgaWr;1,58948E+18
07/11/2022;"Gus Yasin : Jangan sampai keharmonisan masyarakat ternodai oleh oknum-oknum yang menggunakan politik praktis

#GusYasin #PanglimaSGN
#SantriGayengNusantara 
#WagubJateng #TajYasinMZ
@TajYasinMZ https://t.co/cmVl8wHZkN";1,58948E+18
07/11/2022;@henrysubiakto Berarti pak Babin itu hanya oknum;1,58948E+18
07/11/2022;RT @duarbledek: @sbyfess ancen dobol polisi iku lek perkoro ngenean sat set, kasus siskaeee wingi yo satset trs konten e podo disita polisi…;1,58948E+18
07/11/2022;oknum nya @slytherinbey;1,58948E+18
07/11/2022;Tuh dengar ya wahai oknum yang suka hate comment atlet kalo kalah? https://t.co/dmEjYL9puu;1,58948E+18
07/11/2022;"@geloraco PAK MAHFUD..KALAU MEREDAM SEJAK ADANYA KASUS KM 50..BUKAN FPI YANG DI BUBARKAN
LIHAT KEJADIAN DEMI KEJADIAN DI KEPOLISIAN RI..
PELANGGAR HAM BERAT TERLALU SERING DI LAKUKAN OKNUM KEPOLISIAN.";1,58948E+18
07/11/2022;kok si aku malah kangen chat badword sama si oknum f ya??;1,58948E+18
07/11/2022;"@ardjoe0704 @Subadi_Sigit_W @yusuf_dumdum China : kita ini, pakai ini, teknologi ini, biaya gini, mahal dikit, tapi ini jangka panjang.

Oknum negara : yaah kalau gitu, nggak ada masukkan ke kantong saya.";1,58948E+18
07/11/2022;@VIVAcoid Karena diduga jika tidak diredam dan makin brutal maka bisa-bisa para oknum petinggi kepolisian yang 'berperang' pada keceplosan nyenggol aib omongan tentang proyek-proyek pesanan rezim kepada aparat untuk mengamankan kekuasaan.;1,58948E+18
07/11/2022;Selca yang di posting sendiri oleh oknum yang bersangkutan?? https://t.co/mHZZh6JVB9;1,58948E+18
07/11/2022;Mirip oknum ini https://t.co/AhumWtEcKZ;1,58948E+18
07/11/2022;"@Julian51758164 cc:
@tni_ad  
@_TNIAU
@_TNIAL_ 
@Puspen_TNI 

Makin hari makin lemah oleh ulah POLISI [oknum] tapi banyak.! Dari dulu TNI selalu diremehkan mereka...";1,58948E+18
07/11/2022;"RT @OposisiCerdas: Oknum Polisi Serang Serang Perawat dan Sekuriti Rumah Sakit di Medan, Pamerkan Baju Dinas
https://t.co/XwE2a2CUND";1,58948E+18
07/11/2022;Nyesek nya itu, korban day 1 yg udh tertib kaget kan krn dibubarin, trus member dan staff sama pihak promotor yg ga bisa apa² krn udh perjanjian jg pd minta maaf jdnya. Tp oknum yg bkin konser ini bubar itu lohh msih bisa nonton² konser tanpa beban haha hihu ??? https://t.co/tXuSzDVGYs;1,58948E+18
07/11/2022;"Senyuman Oknum Guru Ngaji di Kotabaru Usai Sodomi Murid Sendiri -  https://t.co/fYRVYyWjIE 

#sodomi #gurungaji #disodomi #kasussodomi";1,58948E+18
07/11/2022;@detikcom Pasti yg nagkap oknum...;1,58948E+18
07/11/2022;"@tinggidikit @hidden_road_k @girlgrouparea Wkwkwkwk lsrfm dan kgr juga nggak pantes untuk direndahin, diinjek, dan dijadiin objek hate karna rasa sakit hati kalian terhadap agensi. Kalo mau ngomongin oknum mah, kok banyak bgt? ?

Salahin agensinya, bukan ";1,58948E+18
07/11/2022;@arviiar @DSetiawanovic @tololmeroket @jokowi @ListyoSigitP Pengen rasanya gua rekam tapi ntar kena salah lagi ... Huhhhh oknum pelayan publik kasar banget;1,58948E+18
07/11/2022;@detikcom @ListyoSigitP @DivHumas_Polri @jokowi @DPR_RI  tolonglh pak yg begini kok diurusin kurang kerjaan aja , Toh mereka nggk merugikan orang banyak kasus yg belum terungkap contoh  KASUS SAMBO DAN OKNUM BINTANG 2 YG DIDUGA MENJUAL SABU kalau kasus be;1,58948E+18
07/11/2022;"RT @OposisiCerdas: Oknum Polisi Serang Serang Perawat dan Sekuriti Rumah Sakit di Medan, Pamerkan Baju Dinas
https://t.co/XwE2a2CUND";1,58948E+18
07/11/2022;@gorgeousmakeu demi apapun can relate bgt sis cm gegara ulah bbrp oknum yg kena imbas semuanya anjjj mau marah bgt udh nabung lama bgt eh diberhentiin paksa. btw kemaren aku jg di cat 3a tauuu;1,58948E+18
07/11/2022;@sharonnbby bentar, ini maksudnya oknum aja yg diganti ke ereh trs aldennya tetep?;1,58948E+18
07/11/2022;@arviiar @DSetiawanovic @tololmeroket @jokowi @ListyoSigitP Padahal pas gua sama temen gua ngurus SKCK yang salah tuh oknum tapi dia yang ngebentak temen gua;1,58948E+18
07/11/2022;@detikcom Oknum polisi banyak dan udah bnyak juga yg ketangkep. . Tapi gw jarang banget denger oknum wartawan nihhh??? padahal wartawan yg jahat buaaanyaaakk bngt ????;1,58948E+18
07/11/2022;RT @Hidayatippo: Kejamnya Polisi terhadap rakyat yang tidak bersenjata. Semoga Alloh memberi balasan yang setimpal kepada semua oknum yang…;1,58948E+18
07/11/2022;"RT @UyokBack: Mengenal Sahid Danuji, Pendana Pembuatan Uang Palsu Miliaran Rupiah
https://t.co/g9rUtvcoBC https://t.co/P0Z0BtwFlp";1,58948E+18
07/11/2022;@geloraco Oknum Polisi Serang Serang Perawat dan Sekuriti Rumah Sakit di Medan, Pamerkan Baju Dinas;1,58948E+18
07/11/2022;@Dedegemesh96 @FWBESS Oknum itu;1,58948E+18
07/11/2022;"@sehat_roemah Pak @ListyoSigitP  bagaimana dengan pedoman 'Presisi' Yg bapak canangkan, malah di lecehkan sendiri oleh oknum anggota Bapak... 
Ini penting untuk ditindak lanjuti
??";1,58948E+18
07/11/2022;Malem ini kakau cheer up jd tayang, plis aku ga mau marah2 sm oknum jin sunho??????;1,58948E+18
07/11/2022;kayanya oknum mile phakphum lagi aktif aktifnya;1,58948E+18
07/11/2022;hapus ah takut disalah gunakan sama oknum;1,58948E+18
07/11/2022;RS Bandung di Medan Diserang Sekelompok Orang Tidak Dikenal, Seorang Oknum Polisi Diduga Terlibat https://t.co/uwidLD34ak;1,58948E+18
07/11/2022;@tanyakanrl oknum lagi nih om @dhewanggaaaa ... wkwk;1,58948E+18
07/11/2022;oknum kalau dikumpulin satu tempat, ada berapa orang ya? https://t.co/Q28FzcjQVA;1,58948E+18
07/11/2022;Ini loh di belakang masi luas, bahkan bisa senam berjamaah dah disini. Kesian yg tertib jadi ikut keseret gegara ada badak bercula sembilan gila lepas dari kandang fsmzhxjzgzjgx maaf aku bukan zen tp ikutan kit ati gegara oknum rusuh. https://t.co/XbmWr5mpEb;1,58948E+18
07/11/2022;nih gara gara oknum oknum kapal adel nya yg minta maap https://t.co/DK1pj3fJ8h;1,58948E+18
07/11/2022;RT @Hidayatippo: Kejamnya Polisi terhadap rakyat yang tidak bersenjata. Semoga Alloh memberi balasan yang setimpal kepada semua oknum yang…;1,58948E+18
07/11/2022;"RT @OposisiCerdas: Oknum Polisi Serang Serang Perawat dan Sekuriti Rumah Sakit di Medan, Pamerkan Baju Dinas
https://t.co/XwE2a2CUND";1,58948E+18
07/11/2022;"RT @Penawar81469159: Yang bikin gaduh siapa ?

Para Oknum sendiri kaan 

Yg selalu di uber Ulama yg garis lurus 

#Utang7RibuTRakyatSekarat…";1,58948E+18
07/11/2022;"Oknum nya adalah @.Gil

NGESELIN BANGET NI ANAK SUMPAH https://t.co/hM6RuEYMWC";1,58948E+18
07/11/2022;RT @Hidayatippo: Kejamnya Polisi terhadap rakyat yang tidak bersenjata. Semoga Alloh memberi balasan yang setimpal kepada semua oknum yang…;1,58948E+18
07/11/2022;@TxtSerang Serupa dengan acara yg kemarin, cuma bedanya disini oknum (panitia) bukan ormas. Lebih baik ke acara yg jauh kalo gitu, ngapunten anda tidak punya etika ?;1,58948E+18
07/11/2022;Gara-gara oknum macem gini jadinya semua kpopers dicap buruk sama non kpopers https://t.co/JLZxVtKuyI;1,58948E+18
07/11/2022;"RT @OposisiCerdas: Oknum Polisi Serang Serang Perawat dan Sekuriti Rumah Sakit di Medan, Pamerkan Baju Dinas
https://t.co/XwE2a2CUND";1,58948E+18
07/11/2022;@aycemochi @vvotanet Sebenernya yang sepuh tuh bukannya gak suka secara keseluruhan, cuma emang banyaknya 'oknum' new era jadi bikin ini kayak ribut antar 2 kubu;1,58948E+18
07/11/2022;@detikcom Kalau bokep sat set, urusan yg lain hmmckckhmm num oknum;1,58948E+18
07/11/2022;"RT @OposisiCerdas: Oknum Polisi Serang Serang Perawat dan Sekuriti Rumah Sakit di Medan, Pamerkan Baju Dinas
https://t.co/XwE2a2CUND";1,58948E+18
07/11/2022;"Oknum Polisi Serang Perawat dan Sekuriti Rumah Sakit di Medan, Pamerkan Baju Dinas
https://t.co/PqgoQ0q83l";1,58948E+18
07/11/2022;"Gus Yasin : Jangan sampai keharmonisan masyarakat ternodai oleh oknum-oknum yang menggunakan politik praktis

#GusYasin #PanglimaSGN
#SantriGayengNusantara 
#WagubJateng #TajYasinMZ
@TajYasinMZ https://t.co/APlVNlefA6";1,58948E+18
07/11/2022;@nctzenbase Gw kira tante girang coi ?wkakak sorry bgt bru ngeuh pas bca capt trnyt oknum rumputt;1,58948E+18
07/11/2022;@fifazkart nih oknum https://t.co/HAW7ev5yB8;1,58948E+18
07/11/2022;"Kapolda tak ragu untuk 'mengupacarakan' pemberhentian anggota yang melakukan pelanggaran berat dan menurunkan wibawa Polri di mata masyarakat

https://t.co/XcYdEjicET";1,58948E+18
07/11/2022;"Gus Yasin : Jangan sampai keharmonisan masyarakat ternodai oleh oknum-oknum yang menggunakan politik praktis

#GusYasin #PanglimaSGN
#SantriGayengNusantara 
#WagubJateng #TajYasinMZ
@TajYasinMZ https://t.co/sfieGSNiHt";1,58948E+18
07/11/2022;@convomfs Takut banget sama oknum fandom kaya gini;1,58948E+18
07/11/2022;RT @Hidayatippo: Kejamnya Polisi terhadap rakyat yang tidak bersenjata. Semoga Alloh memberi balasan yang setimpal kepada semua oknum yang…;1,58947E+18
07/11/2022;"RT @andri_malau: Ijin melaporkan Pak Presiden @jokowi
Gedung Pasar Tradisional yg dibangun Pak @jokowi di kota Sibolga malah di pungli 10 -…";1,58947E+18
07/11/2022;@careqtaker @iAphrodie @collegemenfess Gini ya, poin awalnya ini kan oknum beasiswan Bidikmisi yang gaya hidupnya tidak mencerminkan tidak mampu sehingga berindikasi salah sasaran. Nah untuk temen temen Bidikmisi yg emang layak ga perlu merasa ter-triger ;1,58947E+18
07/11/2022;RT @aylaffyu_: Yang bilang bapakku cuma oknum, baca tuh replies+qrt. Sebanyak itu bapak orang yg serupa kek bapakku. Banyak juga sobat misk…;1,58947E+18
07/11/2022;@defalpha wkwk oknum orgil yg gede gedein di tiktok ih males.;1,58947E+18
07/11/2022;@HelmiFelis_ Kalau ini saya sih ga membantah. Pasti ada kondisi oknum polisi masih main di bawah. Krn atasan bersih tdk ada jaminan bawahan bersih.;1,58947E+18
07/11/2022;@democrazymedia Oknum kok katanya. tp kok oknumny bnyak banget. KL dikumpulin bisa 1 mabes?;1,58947E+18
07/11/2022;"RT @geloraco: Oknum Polisi Serang Serang Perawat dan Sekuriti Rumah Sakit di Medan, Pamerkan Baju Dinas
https://t.co/V8xFy4gufE";1,58947E+18
07/11/2022;Menurut Gubernur, Presiden mengatakan untuk waspada thd oknum yang ingin memanfaatkan saham tsb.;1,58947E+18
07/11/2022;"@haerulkayaraya KETUKER KAAAAAN.
aselik oknum Y sering ke gw wkwkwkw
dan dia ceria bangeeeet.
OHHH CAKEO CANTIK JEPANG ROCKSTAR!!!!";1,58947E+18
07/11/2022;@detikcom Giliran nangkep gini aja cepet banget, klo ada oknum sendiri bermasalah lama bnget nangkepnya wkwkwkkk ????;1,58947E+18
07/11/2022;@detikcom penasaran pengen nyoba servicenya ini mah, dasar OKNUM;1,58947E+18
07/11/2022;"Aku minta maaf kalau ada oknum yg jg melakukan hal kurang baik ketika dia marah sama keadaan. Aku juga ga akan membenarkan hal tersebut. Tapi tolong, aku cuma minta tolong biarkan kami yang juga ijut dirugikan dalam kejadian ini kecewa dan sedih untuk saat ini :')

Cr. Kak jw https://t.co/gyQElgw8yg";1,58947E+18
07/11/2022;@NauraKristina Wkwkwk kalo ini fokus utama orang2 pada marah kan ke masalah tuh oknum nyolong foto orang, eh mereka malah nganggap banyak yg nggak terima kalo tk jalan ber2. Udah nggak paham, ngotot pula??????;1,58947E+18
07/11/2022;Oknum Polisi Serang Serang Perawat dan Sekuriti Rumah Sakit di Medan, Pamerkan Baju Dinas https://t.co/gDo8lagb65;1,58947E+18
07/11/2022;Makasihh yaa kak jw, sudah mewakilkan? sedihnya tuh beneran berkali lipat karena kita juga ikut disalahkan atas kejadian itu, padahal banyak dari kami yang juga dirugikan karena oknum tersebut :');1,58947E+18
07/11/2022;Jujur yaa sumpah pingin banget spik up beginii, sedih banget jujur 12 ribu orang yang dateng. Karena oknum itu kita semua juga harus menerima konsekuensinya. Selain gabisa nonton konser sampai ending, tapi kami juga terus disalahkan oleh orang2 yang cuma baca dari berita aja. https://t.co/yjg0N4hUas;1,58947E+18
07/11/2022;@jarul1453 Itu yang dimaksud tempat oknum di daerah tertentu, udah sering ada bayi baru lahiran dikasih bekas kunyahan pisang sang kyai.;1,58947E+18
07/11/2022;@_ogawamizuki Mereka justru maju karena sukses menterbelakangkan negara2 korbannya, termasuk Indonesia, dan 'memperoduksi' oknum sepertimu yg begitu silau dg negara2 yg dicitrakan maju, namun faktanya sangat terbelakang scr kemanusiaan dan punya sejarah k;1,58947E+18
07/11/2022;"@beautiaf Done ?
2jae ini memang oknum meresahkan? pusing bgt liatnya https://t.co/JBCLEqFRaY";1,58947E+18
07/11/2022;Kalau kayak gini sat set banget nangkepnya. Tapi kalau nangkep oknum kok lama ya uda 1 bulan lebih belum juga ketangkep https://t.co/kbryLe3PQ0;1,58947E+18
07/11/2022;"@lukmansaifuddin Tanya Pak @lukmansaifuddin:
Apakah masyarakat / rakyat juga harus membiarkan (dugaan) suatu tindak pidana?

Susahnya membedakan antara Pelaku dan Oknum https://t.co/Rlfwg35Jq0";1,58947E+18
07/11/2022;@ragajendraz ini oknum L ya.;1,58947E+18
07/11/2022;@geloraco Tumben gak nyebutnya oknum ??;1,58947E+18
07/11/2022;@diaryofminaa curiga bnyk oknum cowok juga ,?;1,58947E+18
07/11/2022;RT @jwoojunenthu: benar kata orang2, lo aslinya makin bikin pangling ju.. gimana mau oleng yang ada after this makin bucin sama oknum kim j…;1,58947E+18
07/11/2022;"Oknum Polisi Serang Serang Perawat dan Sekuriti Rumah Sakit di Medan, Pamerkan Baju Dinas
https://t.co/XwE2a2CUND";1,58947E+18
07/11/2022;@zhu_dave Sepeda Motor vs Mobil, selalu Mobil yg dianggap bersalah biarpun sepeda motor yg melakukan pelanggaran. Kalau tidak ada dvr didalam mobil atau CCTV di tempat kejadian, pemilik mobil akan selalu dituduh dan diperas oknum 'you know who'. Unless yo;1,58947E+18
07/11/2022;Astaghfirullah, kenapa masih ada oknum asn yg seperti bayangan ya.;1,58947E+18
07/11/2022;"@voidotid https://t.co/LRa20aR5kF

Apakah negara telah kalah dgn Oknum gubernur sbg tersangka dugaan korupsi? 
Publik ingin @KPK_RI menberikan jawaban relevan dgn SOP penanganan kasus serupa sesuai UU lembaga yg berlaku. 

Perlakuan seperti ini akan menja";1,58947E+18
07/11/2022;"Detik-detik OTK yang Diduga Oknum Polisi Serang RS Bandung, Pelaku Tunjukkan Seragam

https://t.co/gWbRngQju9 waduh";1,58947E+18
07/11/2022;@rrukkananarak Bukan property wak, ini project osh indo dn inter tp di salahgunakan sm oknum gak bertanggung jawab wtf.;1,58947E+18
07/11/2022;@hongswamp Udah kujelasin 'ga bu, itu tuh ulah oknum ajaa' tapi tetep mamake 'ya kalo pas kamu nonton nanti oknumnya ada lagi gimana?'. Kujawab lagi 'yaudah nanti aku pilih seat di tribun' dibalas lagi sama mamake 'kemaren tragedi kanjuruhan korbannya yg ;1,58947E+18
07/11/2022;"@raumdeuterzz @tweet_hadouken @satriawwandana @detikcom bro raumdeuter

PASTI KM OKNUM Y atau nggak BANZER";1,58947E+18
07/11/2022;@ggonebeen iyaa mutualan dan ngebuzzer bareng mereka kak bitt, aku jg udah block bbrp oknum rese itu sih biar gak ngotorin tl ku nanti shshshsh;1,58947E+18
07/11/2022;"RT @SiBerkreasi: Sebenernya mau nge-gift atau engga mah terserah kamunya aja, mimin cuma nggak mendukung oknum yang ngemis di Live aja??

#…";1,58947E+18
07/11/2022;"RT @UyokBack: Mengenal Sahid Danuji, Pendana Pembuatan Uang Palsu Miliaran Rupiah
https://t.co/g9rUtvcoBC https://t.co/P0Z0BtwFlp";1,58947E+18
07/11/2022;*ulah oknum ??? yaelah;1,58947E+18
07/11/2022;@fainana_ @convomfs Oknum kalo dkmplin banyak kok yg gila bgni wkwk;1,58947E+18
07/11/2022;@geloraco Oknum,, biasa terjadi?;1,58947E+18
07/11/2022;"RT @geloraco: Oknum Polisi Serang Serang Perawat dan Sekuriti Rumah Sakit di Medan, Pamerkan Baju Dinas
https://t.co/V8xFy4gufE";1,58947E+18
07/11/2022;Terlalu banyak OKNUM. https://t.co/jeXSfNCpVv;1,58947E+18
07/11/2022;Nyokap gw udah tau lg soal konser kemarin yg dibubarin huhuhu udah gw jelasin sih kalo itu ulang oknum dan konser di day 2 aman + lancar :'( semoga ijin gw buat desember ga dicabut;1,58947E+18
07/11/2022;@mfatahilahakbar @PNS_Ababil tapi pesepedanya temennya para Pejabat dan sanggup membayar oknum pengawal dari Kepolisian. Gimana dong?;1,58947E+18
07/11/2022;@nctzenbase Rapi kok gue suka, staff2nya juga ramah, klo rusuh sebenernya tergantung oknum (pengen gue hih) tapi day 2 dan posisi gue di cat 3b aman kok gue sukak!;1,58947E+18
07/11/2022;RT @Steven__Pegel: oknum ojol melakukan tindakan kekerasan kepada customer yg seorang wanita karena cancel order alasan terlalu lama? https…;1,58947E+18
07/11/2022;@gaembul0203 Parah, ntar oknum ckh ngambek loh? gaes kalian ada temen baru nih gaes @nugyu16 @dharupil wkwkwk;1,58947E+18
07/11/2022;"Ini oknumnya, tapi gue lebih ke dihipnotis sih bukan diseret. Bener-bener ga inget gimana bisa masuk Caratland abis liat oknum ini.

HAPPY THE8 DAY
#?????_???_???_????
#Happy_our_8arling_day @pledis_17 https://t.co/zuZnXCEveW https://t.co/1FeVrtR6LJ";1,58947E+18
07/11/2022;"@Abren051 Yg nyalahkan jilbab siapa?  
Itu oknum yang pake jilbab. 
Dan pendukung wan abud. 
Begitu yg bener. ??";1,58947E+18
07/11/2022;@nctzenbase Dyandra udh bagus bgt the link kemarin, berenti jg krna oknum penonton yg egois aja, offerall dyandra gua akuin udh bagus;1,58947E+18
07/11/2022;gapapa nad tiap jam oleng, karena jam segini oleng ke oknum junnn;1,58947E+18
07/11/2022;@tvOneNews Para oknum anggota Polri yg terlibat dlm aneka pelanggaran hukum, justru lebih baik bila mereka saling buka kartunya, supaya menjadi pelajaran bagi anggota Polri lainnya utk tdk melakukan perbuatan serupa, dgn harapan demi perbaikan kinerja Pol;1,58947E+18
07/11/2022;@Gajah_Mada01 @zaqi_ @badoncl @gumukcandi @Tita83079013 Jgn keluarkan kata2 yg berbau rasis antar sesma bngsa yg majmuk,spt itu diluar kontek Pancsila,kenapa anda tdk berkata sama kpd  oknum etnis cina,spt Surya Darmadi alias Apeng koruptor trbesar 104T,d;1,58947E+18
07/11/2022;"RT @enginafess: -en kepada oknum yang bernama lee heeseung, ayo tunjukkan pesonamu 

cr pict. 0215jaeyun https://t.co/wI9S3wtoAc";1,58947E+18
07/11/2022;Drop loker bodong yang pernah kalian kunjungi buat wawancara. AKU DULU. Disini aku mau cerita perihal lowongan pekerjaan yang akunya ditipu sama oknum yang tidak memiliki hati nurani. Niat hati mau mencari pekerjaan malah kena tipu ???. Lanjut dibawah karena tidak muat.;1,58947E+18
07/11/2022;@txtdrberseragam 1 hari 1 oknum is real ?;1,58947E+18
07/11/2022;@katzuwha iyaa sama huhu mana fb susa banget oknum tuh. ???;1,58947E+18
07/11/2022;oknum @heartsarewarmed sebelum bucin be like: ?? https://t.co/jXwjMJNNKO;1,58947E+18
07/11/2022;@txtdrberseragam OKNUM TEROSSS https://t.co/KP2HAVwh8e;1,58947E+18
07/11/2022;@rianiiaa ini oknum yg sama dgn tragedi lipstick ya?;1,58947E+18
07/11/2022;@nctzenbase Dyandra bagus kok, sebenarnya kalo rusuh gtu tergantung oknum ya, pas D2 kemarin aku liat dari C4 di standing ga ada dorong dorongan, apalagi pas echan ambil salah satu hp fans itu bener bener ga ada yg dorong kek tertib semua berdiri di tempa;1,58947E+18
07/11/2022;RS Bandung di Medan Diserang Sekelompok OTK, Oknum Polisi Diduga Terlibat https://t.co/U256XkmmMu;1,58947E+18
07/11/2022;@Aintsinful Oh jd ini oknum yg bikin kamu uring2an ?? pantes skarang cerah bener hahahahah;1,58947E+18
07/11/2022;Wajah 6 nov 2022, waspada video saya bisa diedit oknum meniru wajah orang lain saat video dipause, https://t.co/82kVHCmg0Q;1,58947E+18
07/11/2022;Kalo kata oknum M gw itu si paling gemshin ???? https://t.co/3ivEh3AF2V;1,58947E+18
07/11/2022;@geloraco Sesama oknum lagi saling serang...;1,58947E+18
07/11/2022;Ni oknum yang bikin aku cengangas cengenges di keretaa niii!! https://t.co/W0CUh92y8Z;1,58947E+18
07/11/2022;@DonatSegar @diablowakanda @sbyfess Mungkin dia sahabat polisi awokawok,ato jngn² oknum anggota;1,58946E+18
07/11/2022;"RT @FreedomlandSatu: Gugatan Bambang Tri adalah ijazah SD, SMP, SMA jadi silahkan menilai sendiri, 

kalo bener ada ijazah kelulusan  UGM i…";1,58946E+18
07/11/2022;SEJAK KAPAN LI MANGGIL GW KAK YA SENDER OKNUM K https://t.co/NOdjF3Rukt;1,58946E+18
07/11/2022;RT @nctzenbase: ? jangan panik dulu kalo masih susah ikut presale, itu kan tayang di banyak kota di indo dan selama lima harian yah, masih…;1,58946E+18
07/11/2022;oh jadi selama ini oknum dibalik filter-filter aneh buat konten tiktok west tuh si bocil nozomu wkwk bagus nak, lanjutkan!;1,58946E+18
07/11/2022;"RT @KetumProDEMnew: Kapolri @ListyoSigitP mestinya tak boleh melindungi oknum polisi penerima suap.

Jika LHP terkait suap (uang koordinasi…";1,58946E+18
07/11/2022;(oknum) pengurus. https://t.co/AvPsYZaIkX;1,58946E+18
07/11/2022;"RT @ditanindyak: @aylaffyu_ Yg bilang bapak mbaknya hanya oknum karena merasa tersinggungkah? ?

Bapakku juga gitu soalnya, rokok wajib seh…";1,58946E+18
07/11/2022;Ternyata apbn yg sudah begitu besar belum berdampak dengan peningkatan kinerja.. makin maraknya kasus oknum telah meruntuhkan kredibilitas lembaganya https://t.co/rIUExnKC3a;1,58946E+18
07/11/2022;RT @aylaffyu_: Yang bilang bapakku cuma oknum, baca tuh replies+qrt. Sebanyak itu bapak orang yg serupa kek bapakku. Banyak juga sobat misk…;1,58946E+18
07/11/2022;"RT @Beleguk_69: @Julian51758164 Makin kacau aja nih si oknum!! Segera tindak!! 

cc @TMCPoldaMetro @CCICPolri @DivHumas_Polri @ListyoSigitP…";1,58946E+18
07/11/2022;RT @battle_hardend: @Julian51758164 Untung bapak ini masih berfikir sehat. Coba kalo dah gelap mata, gelap hati... Jadi perkedel tu OKNUM B…;1,58946E+18
07/11/2022;@collegemenfess chuaks permasalahan ini ga ada abisnya, bidikmisinya ada oknum yg najis jg jd gtau dech;1,58946E+18
07/11/2022;"RT @JohnDamanik0408: @Akun___Receh Sikap berani jujur seorang prajurit, 
NGERI KALE sikap & moral oknum jenderal polri merusak dari dalam u…";1,58946E+18
07/11/2022;RT @CutSarina5: Ada apa lagi ini pak,kayaknya banyak banget dari segala sektor,apa masih bisa si sebut oknum karna banyak banget??? @Listyo…;1,58946E+18
07/11/2022;Wagub menjelaskan, menjelang pemilihan umum pada 2024 mendatang, upaya politik mulai banyak dilakukan. Namun, yang perlu dipertahankan adalah persatuan dan kesatuan Bangsa Indonesia. Jangan sampai keharmonisan masyarakat,dinodai dg oknum-oknum yg menggunakan dalih politik praktis https://t.co/DYi64t20nn;1,58946E+18
07/11/2022;"RT @LendyReny: Bahaya banget sih, zaman sekarang banyak oknum yg sengaja memalsukan isi galon.
Utk apa?

Salah satunya bs jd menekan biaya…";1,58946E+18
07/11/2022;RT @aylaffyu_: Yang bilang bapakku cuma oknum, baca tuh replies+qrt. Sebanyak itu bapak orang yg serupa kek bapakku. Banyak juga sobat misk…;1,58946E+18
07/11/2022;@bbyhoneysweety oknum yang sama....;1,58946E+18
07/11/2022;@MALVERlCK Ini bukti oknum nya;1,58946E+18
07/11/2022;@delyano17 @AdiAdimsamin @sarphanjamain1 @gusbenk @Sukardi2017 itu biasa siapapun oknum nya yg penting kita tau kalau anis nasionalis and thats very clear;1,58946E+18
07/11/2022;@haloakumian @collegemenfess terkadang ada saja oknum yg mana mendapat BM namun berasal dari keluarga yg berada, entah bagaimana caranya itu bisa terjadi, alhasil ketika yg bener2 butuh BM malah ga dapet :');1,58946E+18
07/11/2022;"RT @59homicides: @txtdrberseragam bus apa yang ngeselin?
buset oknum lagi.";1,58946E+18
07/11/2022;RT @nctzenbase: ? jangan panik dulu kalo masih susah ikut presale, itu kan tayang di banyak kota di indo dan selama lima harian yah, masih…;1,58946E+18
07/11/2022;RT @nctzenbase: ? jangan panik dulu kalo masih susah ikut presale, itu kan tayang di banyak kota di indo dan selama lima harian yah, masih…;1,58946E+18
07/11/2022;@nctzenbase Yes boleh bgt sh, day 1 juga rapih ko sebelum oknum tai itu berulah asli staffnya ramah dan penuh senyum ?;1,58946E+18
07/11/2022;? jangan panik dulu kalo masih susah ikut presale, itu kan tayang di banyak kota di indo dan selama lima harian yah, masih gede kesempatan buat dapet tiketnya kok. Jangan panic buying ajaaaa, sama jangan sampe ketipuu soalnya ini pasti banyak oknum yg nyari kesempatan;1,58946E+18
07/11/2022;@aniesbaswedan @NasDem Ooooo dgn oknum;1,58946E+18
07/11/2022;"RT @yaniarsim: Habis Ijazah Palsunya Mukidi
Sekarang Uang Palsunya Oknum NU ? https://t.co/oO4FpyZ3go";1,58946E+18
07/11/2022;@HelmiFelis_ Gak adalah gw juga kesal sama oknum polisi korup yg gila harta gila dunia. Loe kan gak ya cong?;1,58946E+18
07/11/2022;@knpiharis @djonprasetyanto @ListyoSigitP @DivHumas_Polri #HarapanAgarPolriBersihDariOknumRekayasaPenegakkanHukumKonsorsium303DanBackingBandarNarkoba, lanjut usut kembali proses hukum BuzzeRp penista agama dll. yg blm/tdk di lanjut oleh oknum Polri, penga;1,58946E+18
07/11/2022;"RT @UyokBack: Mengenal Sahid Danuji, Pendana Pembuatan Uang Palsu Miliaran Rupiah
https://t.co/g9rUtvcoBC https://t.co/P0Z0BtwFlp";1,58946E+18
07/11/2022;@asboediono_id @asboedionoid Lah anda tidak tau ya ..kalau bisa 'menguntungkan' dgn cara impor mengapa tidak .kan lumayan buat tabungan pensiun. para oknum;1,58946E+18
07/11/2022;@junggvwon LUCU BANGET JUJU?! Oknum Yubin juga belum update, kita saman nih. Tos gak? ?;1,58946E+18
07/11/2022;"RT @59homicides: @txtdrberseragam bus apa yang ngeselin?
buset oknum lagi.";1,58946E+18
07/11/2022;"RT @enginafess: -en kepada oknum yang bernama lee heeseung, ayo tunjukkan pesonamu 

cr pict. 0215jaeyun https://t.co/wI9S3wtoAc";1,58946E+18
07/11/2022;RT @treasuremenfess: TEUME! CUNG OKNUM YG MERINDUKAN TREJO ??? https://t.co/g0oChXQUk5;1,58946E+18
07/11/2022;@IWATOBIFESS Emang oknum Nanase Haruka tuh lucunya effortless gitu nder dia, diem aja juga udah lucu ???;1,58946E+18
07/11/2022;"RT @MediaKomando: Ada Oknum Terlibat Kasus Narkoba, Polda Metro Jaya Mutasi Puluhan Kapolsek
https://t.co/bdaz3HRDBv";1,58946E+18
07/11/2022;@txtdrberseragam nulis oknum harus pake 's' jadi oknums soalnya banyak banget anjrit oknum2nya?;1,58946E+18
07/11/2022;"RT @Indra_EMC: @detikcom Kalau urus bokep cepet ?
Kalau urus oknum nakal bisa tahunan ?";1,58946E+18
07/11/2022;@BeritakanID_com Prmslhan  kasus2 besar lain yg jg libatkan oknum aparat,sperti konsorsium judi hingga  twmbang ilegal dll ngak tuntas.justru masukan dr pihak lain atau kesaksian dr circle pr oknum tsb malah dianggap hoax.jgn kan untuk ditelusuri diselidi;1,58946E+18
07/11/2022;"RT @Ridho76190701: @OposisiCerdas Ngaku ny Ormas keagamaan, 
Merasa paling toleran Paling NKRI. 
Eh oknum kader² ny ada yg korupsi
Ada ceta…";1,58946E+18
07/11/2022;jujur sedih & ikutan nangis baca twt mereka yg korban day 1, byk yg bilang itu first concert tp jd rusak grgr oknum yg narsis & norak. Aku gk bisa brpikir jernih kalo hal itu trjdi sm aku, kalian day 1 pasti kuat bgt ngehadapin ini. Semangat yaa jgn berlarut lama sedih nya??;1,58946E+18
07/11/2022;Ndak meh muni wes, oknum mawon? https://t.co/jCj4SyMqAD;1,58946E+18
07/11/2022;"RT @UyokBack: Mengenal Sahid Danuji, Pendana Pembuatan Uang Palsu Miliaran Rupiah
https://t.co/g9rUtvcoBC https://t.co/P0Z0BtwFlp";1,58946E+18
07/11/2022;@caratstalk Oknum yang suka bikin oleng https://t.co/KcUdm7VhPA;1,58946E+18
07/11/2022;RT @olivioo_: Wait... Sekelas Oh Sehun yg seorang GA DIOR kata oknum WL 'kek gini banyak d PIK'... Wah blm tau aja dia Saham SM aja bisa an…;1,58946E+18
07/11/2022;"Wait... Sekelas Oh Sehun yg seorang GA DIOR kata oknum WL 'kek gini banyak d PIK'... Wah blm tau aja dia Saham SM aja bisa anjlok kalo mereka macem2 sm member Exo... Moga aja deh ga kejadian ke WL 

#whitelabapologize
#whitelabapologize";1,58946E+18
07/11/2022;"RT @MprAldo: NU LAGI??
OKNUM LAGI??
PENGURUS NU & ASN KEMENAG TERSANGKA UANG PALSU !!
JADI SIAPA TUKANG BIKIN GADUH BANGSA INI??

link :
ht…";1,58946E+18
07/11/2022;@exodus9999 @kang___L Maaf klo salah.. Aku lihat mereka bukan benci Islam tapi oknum yg suka demo bawah agama juga nama Allah..;1,58946E+18
07/11/2022;"Marah banget sama mbak yang gak sabaran dorong buat masuk ke dalam bus, padahal yang dari dalam bus belum selesai keluar. Kayanya informasi 'dahulukan yang turun' udah selalu ada, tapi oknum kaya gini tetep aja banyak

ok, Hp gue terjun dari atas halte ke luar halte :') https://t.co/7mqdZPdUIH";1,58946E+18
07/11/2022;@royando81 @kumparan @ListyoSigitP nah ini sih muara nya,.....kalo rekrutmen bagus, pendidikan bagus...bisa meminimalisir oknum yang mayoritas ??;1,58946E+18
07/11/2022;RT @tvindonesiawkwk: Oknum kok banyak https://t.co/InaAA1ZURz;1,58946E+18
07/11/2022;@walkwmark @oryourm__ark @nctzenbase Iyupp betul dri promotor slama konser udh bagus emng dri beberapa 'oknum' aja yg bikin resah suka engga bsa sabar gitu loh;1,58946E+18
07/11/2022;@BeritakanID_com Judulnya min!.bs dipastihkan skandal itu bener adanya tp ktika baca isinya(link beritannya).masih ada kata dugaan hingga isu?..ngak nyalahin media sih!!krn memang peneggakkan hukum di negara ngak pernah tuntas aplgi mnyangkut oknum pejaba;1,58946E+18
07/11/2022;9. Lee haechan. Baru sanggup nulis ini?, jadi dia oknum yg bikin gue msk fandom ijo ini, dia yg bikin gue berpaling dari taeyong ya ampun bu maap ya? kalo disuruh milih ty hc gatau bingung jgn suruh milih ku gebuk lo. Haechan in real life beneran kek woii bayangan dia di otak-;1,58946E+18
07/11/2022;@txtdrberseragam Cuma Oknum https://t.co/bTmBSSUCoU;1,58946E+18
07/11/2022;kasus2 hukum yang melibatkan oknum di jabatan-jabatan yang terkait syariat Islam sendiri hemat saya sudah menunjukkan bahwa tidak hanya rakyat dikenakan pasal qanun namun senua pihak dan terutama yang menggiatkan atau menjalankan qanun;1,58946E+18
07/11/2022;yaaa ok krna oknum ini mulai marah https://t.co/ou3zsoB7pe;1,58946E+18
07/11/2022;@detikcom @detik_jatim cepet banget udah ketemu TKP nya...kl oknum yg nembakin gas air mata ke tribun penonton udah ketemu blm? sama2 ada videonya..;1,58946E+18
07/11/2022;"RT @UyokBack: Mengenal Sahid Danuji, Pendana Pembuatan Uang Palsu Miliaran Rupiah
https://t.co/g9rUtvcoBC https://t.co/P0Z0BtwFlp";1,58946E+18
07/11/2022;"RT @yaniarsim: Habis Ijazah Palsunya Mukidi
Sekarang Uang Palsunya Oknum NU ? https://t.co/oO4FpyZ3go";1,58946E+18
07/11/2022;"@detikcom Kalau urus bokep cepet ?
Kalau urus oknum nakal bisa tahunan ?";1,58946E+18
07/11/2022;Bentuk kecil kasus oknum aparat di kepolisian. Tapi semua akan terkuak terhadap kebobrokan oknum aparat atas kesadaran masing masing https://t.co/JNqMsU6p3Y;1,58946E+18
07/11/2022;"RT @59homicides: @txtdrberseragam bus apa yang ngeselin?
buset oknum lagi.";1,58946E+18
07/11/2022;@geloraco Polisi apa oknum sih??;1,58946E+18
07/11/2022;@nctzenbase Setuju aja sih, dyandra oke kok gmn liat team mereka yang sigap kasih air ke gw pdhl mereka lg recording kesan pesan dari salah satu penonton, sigap juga kalo ada yg gak kuat lgsg digotong, fasilitas yang disediain juga ok banget. Kalo insiden;1,58946E+18
07/11/2022;@SobatMIDO @Midjan_La_2 Patut diduga ada oknum POLRI juga yang membekingi mereka dan ada setoran yg masuk juga. Biasanya demikian makanya mereka santai2 saja melakukan pungli.;1,58946E+18
07/11/2022;"Oknum Polisi Serang Serang Perawat dan Sekuriti Rumah Sakit di Medan, Pamerkan Baju Dinas
https://t.co/V8xFy4gufE";1,58946E+18
07/11/2022;@nctzenbase Ada atau gada nya QN, kl ada 'oknum' kaya kmrn ya percuma aja sih jadi kesadaran diri kita aja. Krna gue dan tmntmn gue yg nntn nya bnr ga dorong2an mlh hrs keikut arus alias kegencet2, bnrbnr ngerasa dirugikan bgtbgt materi dan tenaga. Apa lg;1,58946E+18
07/11/2022;@fessthai INI NIH. Mata oknum Jeff itu gak pernah bisa bohong? https://t.co/dWTqBpyAqT;1,58945E+18
07/11/2022;"RT @UyokBack: Mengenal Sahid Danuji, Pendana Pembuatan Uang Palsu Miliaran Rupiah
https://t.co/g9rUtvcoBC https://t.co/P0Z0BtwFlp";1,58945E+18
07/11/2022;yg berulah oknum hard shipper tai yg kena semuanya nga mikir apa ya;1,58945E+18
07/11/2022;"Emang bener2 harus ditangkap segera sih oknum LE ini #LukasEnembePenjahatPapua

#whitelabapologize
Senin https://t.co/nyPswZGPrj";1,58945E+18
07/11/2022;"RT @enginafess: -en kepada oknum yang bernama lee heeseung, ayo tunjukkan pesonamu 

cr pict. 0215jaeyun https://t.co/wI9S3wtoAc";1,58945E+18
07/11/2022;"Kpk harus tegas panggil dan selidiki kasus korupsi Papua oleh LE dan para oknum pejabat 
#LukasEnembePenjahatPapua
#whitelabapologize
Senin https://t.co/PaJtust5SD";1,58945E+18
07/11/2022;"RT @UyokBack: Mengenal Sahid Danuji, Pendana Pembuatan Uang Palsu Miliaran Rupiah
https://t.co/g9rUtvcoBC https://t.co/P0Z0BtwFlp";1,58945E+18
07/11/2022;"Masyarakat Papua dukung kpk usut tuntas kasus korupsi Papua oleh LE dan para oknum pejabat #LukasEnembePenjahatPapua
#whitelabapologize
Senin https://t.co/PAzY9tuJSU";1,58945E+18
07/11/2022;@AuliaSvtri @buttermilkbubu enak aja kok jadi salah ilichil?? mereka mah udah tampil sebaik mungkin. yang salah tuh oknum penonton?;1,58945E+18
07/11/2022;RT @Steven__Pegel: oknum ojol melakukan tindakan kekerasan kepada customer yg seorang wanita karena cancel order alasan terlalu lama? https…;1,58945E+18
07/11/2022;okum oknum WL kontolss;1,58945E+18
07/11/2022;@geloraco Kalo kebejatan oknum demikian merata, jangan2 ini emang institusinya iblis..;1,58945E+18
07/11/2022;Pernah ngobrol sama istri, sekarang kalau bawa kendaraan, bukan hanya dibelakang oknum angkot aja yang harus di hindari, tapi di belakang oknum ojol juga mesti dihindari. Rada paur dangkadang.;1,58945E+18
07/11/2022;"RT @UyokBack: Mengenal Sahid Danuji, Pendana Pembuatan Uang Palsu Miliaran Rupiah
https://t.co/g9rUtvcoBC https://t.co/P0Z0BtwFlp";1,58945E+18
07/11/2022;Ndaaaa, emang ada oknum bea yang mikir jastag = penglaris, jadi kalo ngga laku dibilang zonk. Semangat ya kak ? https://t.co/yFlFvtWSLG;1,58945E+18
07/11/2022;RT @2jaeeho: emang meresahkan bgt dua oknum malam ini;1,58945E+18
07/11/2022;"RT @juliusibrani: Kuncinya:
Klo urusan DIRI SENDIRI, ga bakal dia periksa.

Mending warga investigasi mandiri, itu curanmor ujung setoranny…";1,58945E+18
07/11/2022;"RT @MprAldo: NU LAGI??
OKNUM LAGI??
PENGURUS NU & ASN KEMENAG TERSANGKA UANG PALSU !!
JADI SIAPA TUKANG BIKIN GADUH BANGSA INI??

link :
ht…";1,58945E+18
07/11/2022;@ruhutsitompul Indonesia bisa hancur kalau dipimpin oknum tak punya toleransi ini;1,58945E+18
07/11/2022;Kapolrestabes Janji Tangkap Oknum Penyerang RS Bandung Medan https://t.co/79Ze8r4HS3;1,58945E+18
07/11/2022;@LogsStat Maksudnya dirimu dengan si oknum ini;1,58945E+18
07/11/2022;"Kemarin ke CP krn janjian sama teman yg lagi mau lihat Sehun. Lihat begini terus mikir, 'Ini tim whit*lab apa gak research dulu ya siapa brand ambassadornya?'
Ini exol udah bagus tertib loh, kalo ada oknum rese kyk mbak2 subak pas the link kemarin, bs di-take over kepolisian lg https://t.co/BT29vhT39Z";1,58945E+18
07/11/2022;Satu kata buat whitelab dan oknum staffnya 'SINTING';1,58945E+18
07/11/2022;"RT @UyokBack: Mengenal Sahid Danuji, Pendana Pembuatan Uang Palsu Miliaran Rupiah
https://t.co/g9rUtvcoBC https://t.co/P0Z0BtwFlp";1,58945E+18
07/11/2022;@fajriasuat PANTESSSS. Aku dapet beberapa kali echannyaaaaa. Yawla si oknum Y lama di gue pas terakhir doang, mana kelakuannya lucu bgttttttt, itu doang sekali yawla sedih wkwkwkwkkwkwkw;1,58945E+18
07/11/2022;"RT @Imlifeto: @kocuniverse @whitelab_id @weareoneEXO Yaampun eri ku diginiin ?
@whitelab_id Sikap ketidak mau pedulian kalian dengan saran…";1,58945E+18
07/11/2022;'Rada kasian sama oknum Z ini, sabar ya... Blom rejeki, gatau kalo besok :)' - (((blom rejeki))) ?????? lucu https://t.co/XinrcyoE4U;1,58945E+18
07/11/2022;@txtdrberseragam Apus kata oknum. Apaan oknum oknum, polisi mah polisi aja gausa pake oknum. Poli$i tolol ?;1,58945E+18
07/11/2022;Yg nct emg itu salah oknum penonton yang norak pengin dinotice, tapi itu yang 1 section dan dibelakang aja ga salah apa2 loh, mereka lagi asik2 joget trus berhenti tuh konser;1,58945E+18
07/11/2022;Gue maunya dia di blacklist sama SM, kaga terima gue. The link Day 1 gue ancur gara-gara keegoisan beberapa oknum !! https://t.co/DJoIggOINM;1,58945E+18
07/11/2022;RT @geeantara: Tapi, kl konser gini emang selalu ada aja oknum yang kapasitas berpikirnya menurun. Contohnya yang buka masker selama konser…;1,58945E+18
07/11/2022;"RT @KetumProDEMnew: Kapolri @ListyoSigitP mestinya tak boleh melindungi oknum polisi penerima suap.

Jika LHP terkait suap (uang koordinasi…";1,58945E+18
07/11/2022;"Terekam CCTV, datang ke-2 kali dengan membuka jaket menunjukkan jati dirinya, oknum Polisi serang perawat RS jam 6 pagi

https://t.co/gf2Vpo8oFG";1,58945E+18
07/11/2022;"RT @MprAldo: NU LAGI??
OKNUM LAGI??
PENGURUS NU & ASN KEMENAG TERSANGKA UANG PALSU !!
JADI SIAPA TUKANG BIKIN GADUH BANGSA INI??

link :
ht…";1,58945E+18
07/11/2022;"RT @UyokBack: Mengenal Sahid Danuji, Pendana Pembuatan Uang Palsu Miliaran Rupiah
https://t.co/g9rUtvcoBC https://t.co/P0Z0BtwFlp";1,58945E+18
07/11/2022;Kejamnya Polisi terhadap rakyat yang tidak bersenjata. Semoga Alloh memberi balasan yang setimpal kepada semua oknum yang terlibat dalam pembunuhan Km 50. Amiiin https://t.co/mTElHK5kGO;1,58945E+18
07/11/2022;"RT @yaniarsim: Habis Ijazah Palsunya Mukidi
Sekarang Uang Palsunya Oknum NU ? https://t.co/oO4FpyZ3go";1,58945E+18
07/11/2022;RT @Twitlandguard: Bagus sih nih info, tp faktanya ada 2 IUP OP hantu dari 13 IUP OP yg rekomnya sdh dibatalin per surat Gub ttgl 6 Jan.202…;1,58945E+18
07/11/2022;RT @NarasiNewsroom: ((Oknum)) lagi. Pembersihan senjata itu enggak boleh di sembarang tempat kan? Katanya cuma boleh dilakukan di gudang pe…;1,58945E+18
07/11/2022;RT @Twitlandguard: Halo Doktor Nurul Ghufron dan Tim @kpk yg baru balik dari Ternate, mudah2an mampu mengorek sampe dalam persoalan IUP han…;1,58945E+18
07/11/2022;RT @Twitlandguard: IUP OP Hantu di P.Gebe ditengarai tayang di MOMI 30-12-2021, lalu pd 25-01-2022 hilang akbt Srt Gub.Malut ttgl 6-1-2022.…;1,58945E+18
07/11/2022;lah itu mah oknum pesepeda yaa jgn digeneralisasi :v oknum yak oknum oknum;1,58945E+18
07/11/2022;@collegemenfess km baca konteks yg disalty in ga si? kalo km bener” org yg tepat sasaran buat menerima bm ya kenap harus sedih dan tersinggung? yg di salty in itu yg pke dana bm buat hedon. harusnya km ikut marah sama oknum” ky gitu karna ada penyalahguna;1,58945E+18
07/11/2022;"Kuncinya:
Klo urusan DIRI SENDIRI, ga bakal dia periksa.

Mending warga investigasi mandiri, itu curanmor ujung setorannya kmn.

Motor gw pernah hilang, gw investigasi mandiri, hasilnya, ada bbrp rumah penampung motor curian, yg jaga dan terima setorannya OKNUM POLISI dan TNI. https://t.co/lvhT0d6rYa";1,58945E+18
07/11/2022;"RT @Penawar81469159: Yang bikin gaduh siapa ?

Para Oknum sendiri kaan 

Yg selalu di uber Ulama yg garis lurus 

#Utang7RibuTRakyatSekarat…";1,58945E+18
07/11/2022;"RT @KetumProDEMnew: Kapolri @ListyoSigitP mestinya tak boleh melindungi oknum polisi penerima suap.

Jika LHP terkait suap (uang koordinasi…";1,58945E+18
07/11/2022;RT @aylaffyu_: Yang bilang bapakku cuma oknum, baca tuh replies+qrt. Sebanyak itu bapak orang yg serupa kek bapakku. Banyak juga sobat misk…;1,58945E+18
07/11/2022;"RT @enginafess: -en kepada oknum yang bernama lee heeseung, ayo tunjukkan pesonamu 

cr pict. 0215jaeyun https://t.co/wI9S3wtoAc";1,58945E+18
07/11/2022;@txtdrberseragam Oknum tp tiap hari ada aja kasus nya wkwkk;1,58945E+18
07/11/2022;@detikcom Hrs diawasi jgn sampai ada oknum yg minta jatah kpd si kebaya merah;1,58945E+18
07/11/2022;Memang bukan oknum enteni namanya kalo ga dramatis ??? https://t.co/DHp8M6JIK9;1,58945E+18
07/11/2022;demi dah oknum nununana berulah lagi;1,58945E+18
07/11/2022;"RT @enginafess: -en kepada oknum yang bernama lee heeseung, ayo tunjukkan pesonamu 

cr pict. 0215jaeyun https://t.co/wI9S3wtoAc";1,58945E+18
07/11/2022;"Jujur gue masih trauma atas kejadian NCT 127 day 1.. masih kerasa dikit sakit hati nya sampe ga mau liat update-an NCT, EXO dan yg berbau korea..
ini first concert gue tapi gue dapet bad experience ?
padahal yang salah oknum yg bikin rusuh, gue malu sama ilichil?";1,58945E+18
07/11/2022;@txtdrberseragam Durung disruduk si oknum ?;1,58945E+18
07/11/2022;"RT @enginafess: -en kepada oknum yang bernama lee heeseung, ayo tunjukkan pesonamu 

cr pict. 0215jaeyun https://t.co/wI9S3wtoAc";1,58945E+18
07/11/2022;@oryourm__ark @nctzenbase bukan semua penonton tp “oknum” karena aku tau masih banyak yg rapih dan ga dorong dorongan ?????? hope you all yg kena imbasnyaa bisa nonton 127 lg dengan keadaan yg lebih baik;1,58945E+18
07/11/2022;"RT @UyokBack: Mengenal Sahid Danuji, Pendana Pembuatan Uang Palsu Miliaran Rupiah
https://t.co/g9rUtvcoBC https://t.co/P0Z0BtwFlp";1,58945E+18
07/11/2022;@ahreumdawn si oknum mengecewakan banget ?? tapi gapapa mereka kumpul makan2 aja kita seneng banget ??;1,58945E+18
07/11/2022;RT @aylaffyu_: Yang bilang bapakku cuma oknum, baca tuh replies+qrt. Sebanyak itu bapak orang yg serupa kek bapakku. Banyak juga sobat misk…;1,58945E+18
07/11/2022;@hellohellhella Problematik cmn beberapa oknum doang ko, yang day 2 loh lancar jayaaa;1,58945E+18
07/11/2022;@geloraco Banyak juga ya oknum NU yang bermasalah dengan hukum.Ketua nya sibuk ngurusin kelompok lain ?;1,58945E+18
07/11/2022;"RT @KetumProDEMnew: Kapolri @ListyoSigitP mestinya tak boleh melindungi oknum polisi penerima suap.

Jika LHP terkait suap (uang koordinasi…";1,58945E+18
07/11/2022;IPW mendesak Kapolri membentuk tim khusus untuk mengusut kasus setoran uang perlindungan pertambangan ilegal pada oknum petinggi Polri. #TempoNasional https://t.co/RjoUpb1qff;1,58945E+18
07/11/2022;Oknum-oknum ini mungkin mengira politik adalah menang-menangan saja. #BRORIVAICenter;1,58945E+18
07/11/2022;@txtdrberseragam Terlalu banyak oknum. Wes mbuh wes.;1,58945E+18
07/11/2022;"RT @UyokBack: Mengenal Sahid Danuji, Pendana Pembuatan Uang Palsu Miliaran Rupiah
https://t.co/g9rUtvcoBC https://t.co/P0Z0BtwFlp";1,58945E+18
07/11/2022;@puchairunnisa You said hello, but never say goodbye ?? kayak dighosting lg sayang2nya gara2 keegoisan oknum fans. Semoga mereka gak kapok ya balik ke sini. Aku sampai skrg aja msh sedih inget tgl 4 ????;1,58945E+18
07/11/2022;@Julian51758164 Untung bapak ini masih berfikir sehat. Coba kalo dah gelap mata, gelap hati... Jadi perkedel tu OKNUM BEJAT;1,58945E+18
07/11/2022;"Doyieee harus datang lagi. Nanti kita ketemu lagi. Kamu nggak salah, no minta maaf. Kita tau kamu sayang kita dan sebenernya mau konser berlanjut karna nggak mau kita sedih. Kita sayang kamu. ?

Oknum yg rusuh kemarin biar kita jadiin patung selamat datang di Ancol aja. https://t.co/vTxmLl9pID";1,58944E+18
07/11/2022;RT @CutSarina5: Ada apa lagi ini pak,kayaknya banyak banget dari segala sektor,apa masih bisa si sebut oknum karna banyak banget??? @Listyo…;1,58944E+18
07/11/2022;@greyleeknow_ @xhyunjinbabyx @skfess @Stray_Kids Tapi gak semua STAY begitu sih, cuma oknum, tapi banyaakkkkkkkk wkwkwkw ??;1,58944E+18
07/11/2022;@itspungky terlepas ada 1 oknum redacted mereka masih temenan anget gitu emg bikin terharu sihhh??;1,58944E+18
07/11/2022;@txtdrberseragam https://t.co/HD8ffpc7Zp oknum truss;1,58944E+18
07/11/2022;@Tita83079013 Diislam itu dilarang ya...maaf tlg jgn menjudge islam hanya karna oknum habib ini..?;1,58944E+18
07/11/2022;@txtdrberseragam oknum kok sak embregggg;1,58944E+18
07/11/2022;@gagahmei @LenVMochaReiss Oknum, tapi terlalu banyak oknum nya;1,58944E+18
07/11/2022;@Toekiemienn @kang___L @nahdlatululama Yang benar juga banyak...yang ber ilmu tinggi sepeeti Gus Baha. Ini oknum siich...;1,58944E+18
07/11/2022;@txtdrberseragam oknum terus waee;1,58944E+18
07/11/2022;@dedewss Nah ini walaupun beda unit tapi ada oknum mark sama haechaan huaaahh ini aja masih suka melow ???;1,58944E+18
07/11/2022;"RT @geloraco: Viral! Oknum Polisi Beking Tambang Mengaku Setor Uang Rp6 Miliar ke Kabareskrim Polri
https://t.co/J3g5Kkx8gT";1,58944E+18
07/11/2022;"RT @enginafess: -en kepada oknum yang bernama lee heeseung, ayo tunjukkan pesonamu 

cr pict. 0215jaeyun https://t.co/wI9S3wtoAc";1,58944E+18
07/11/2022;"Nahhh gw pernah ngalamin nih, malahan ada oknum pengemudi ojek online yg ikut2 ngomporin seakan gw yg salah ?
Dan tuh yg nerobos malah dibantuin kabur https://t.co/GQKdJxPNPS";1,58944E+18
07/11/2022;RT @nct_menfess: nct! zen nih guys akun oknum yg bikin rusuh tapi malah playing victim. monggo mampir?? https://t.co/UlJG6ArHaF;1,58944E+18
07/11/2022;Tolong untuk oknum yg bernama park sunghoon untuk segera upload selca terimakasih @ENHYPEN_members;1,58944E+18
07/11/2022;@Julian51758164 Semoga segera kapolri pecat seret adili oknum polisi mesum...;1,58944E+18
07/11/2022;Ora aneh...  oknum tp kog yo akeh https://t.co/3DNFIXHqCi;1,58944E+18
07/11/2022;"RT @enginafess: -en kepada oknum yang bernama lee heeseung, ayo tunjukkan pesonamu 

cr pict. 0215jaeyun https://t.co/wI9S3wtoAc";1,58944E+18
07/11/2022;@OposisiCerdas Berulah lagi oknum;1,58944E+18
07/11/2022;"RT @UyokBack: Mengenal Sahid Danuji, Pendana Pembuatan Uang Palsu Miliaran Rupiah
https://t.co/g9rUtvcoBC https://t.co/P0Z0BtwFlp";1,58944E+18
07/11/2022;Oknum lagi nih https://t.co/ooPkWkJ6Mm;1,58944E+18
07/11/2022;@RagilSemar Bersihkan & sterilkan KPU dari oknum-oknum;1,58944E+18
07/11/2022;haloo oknum kmg yg ktnya mau share foto2 hao, manaa nih gw nungguin drtd?;1,58944E+18
